Sample,week_precip,month_precip,three_month_precip,wk_maxt_av,mon_maxt_av,three_mon_maxt_av,wk_mint_av,mon_mint_av,three_mon_mint_av,three_mon_av_temp,three_mon_AHMI,twelve_mon_precip,twelve_mon_maxt_av,twelve_mon_mint_av,twelve_mon_av_temp,mon_av_temp,wk_av_temp,mon_precip,mon_AHMI,twelve_mon_AHMI,fdsi_annual
AGRFnegativecontrolempty1,NA,NA,NA,NA,NA,NA,NA,NA,NA,NA,NA,NA,NA,NA,NA,NA,NA,NA,NA,NA,NA
AGRFnegativecontrolempty2,NA,NA,NA,NA,NA,NA,NA,NA,NA,NA,NA,NA,NA,NA,NA,NA,NA,NA,NA,NA,NA
AGRFnegativecontrolempty3,NA,NA,NA,NA,NA,NA,NA,NA,NA,NA,NA,NA,NA,NA,NA,NA,NA,NA,NA,NA,NA
AGRFnegativecontrolempty4,NA,NA,NA,NA,NA,NA,NA,NA,NA,NA,NA,NA,NA,NA,NA,NA,NA,NA,NA,NA,NA
C1Pool,NA,NA,NA,NA,NA,NA,NA,NA,NA,NA,NA,NA,NA,NA,NA,NA,NA,NA,NA,NA,NA
C2Pool,NA,NA,NA,NA,NA,NA,NA,NA,NA,NA,NA,NA,NA,NA,NA,NA,NA,NA,NA,NA,NA
C3Pool,NA,NA,NA,NA,NA,NA,NA,NA,NA,NA,NA,NA,NA,NA,NA,NA,NA,NA,NA,NA,NA
MC,NA,NA,NA,NA,NA,NA,NA,NA,NA,NA,NA,NA,NA,NA,NA,NA,NA,NA,NA,NA,NA
S_1,35.89999944,66.79999903,250.0000003,14.0875,16.58387097,21.43956044,8.2125,9.338709677,12.68571429,17.06263736,27.06263733,869.1999998,18.10464481,9.366120219,13.73538251,12.96129032,11.15,66.79999903,28.6431789,27.3071589,0.790485442
S_10,20.19999973,50.79999933,241.7000006,15.1125,17.18709677,21.87802198,7.65,9.561290323,12.87252747,17.37527473,28.31534408,862.7999999,18.13005464,9.365846995,13.74795082,13.37419355,11.38125,50.79999933,38.34196012,27.52428236,0.790485442
S_100,24.30000067,110.1000015,237.5000011,24.075,19.74516129,17.28241758,11.4875,9.893548387,7.961538462,12.62197802,23.81260834,976.3999966,17.84699454,9.313661202,13.58032787,14.81935484,17.78125,110.1000015,18.78471217,24.15027443,0.029878087
S_101,24.49999976,42.79999955,216.2999981,20.15,21.40967742,19.03626374,12.4375,11.1516129,9.883516484,14.45989011,28.27079326,905.9000011,18.24535519,10.1489071,14.19713115,16.28064516,16.29375,42.79999955,51.16743421,26.71059843,0.340065181
S_103,6.600000001,58.89999951,112.6999986,11.8375,12.28064516,15.75164835,6.2625,6.987096774,8.889010989,12.32032967,49.51271061,953.9999999,17.72213115,9.932513661,13.8273224,9.633870968,9.05,58.89999951,27.77742753,24.97622894,0.340065181
S_104,7.700000048,58.79999951,115.1999985,11.3125,12.5483871,15.84945055,6.475,7.370967742,9.016483516,12.43296703,48.68265477,954.7999999,17.72622951,9.940710383,13.83346995,9.959677419,8.89375,58.79999951,28.28639342,24.96174062,0.340065181
S_105,14.40000033,80.60000131,177.6000017,16.3375,14.14516129,13.65714286,7.7125,6.196774194,6.8,10.22857143,28.4749032,976.3000027,17.85163934,9.999453552,13.92554645,10.17096774,12.025,80.60000131,20.8541776,24.5063468,0.340065181
S_106,6.600000061,57.29999951,132.8999977,11.9,12.80967742,15.92417582,7.7625,7.493548387,9.197802198,12.56098901,42.43978441,977.0000003,17.73551913,9.976775956,13.85614754,10.1516129,9.83125,57.29999951,29.30600205,24.41775592,0.340065181
S_107,4.700000025,55.09999947,144.0999981,12.9375,12.96129032,16.12857143,7.475,7.493548387,9.314285714,12.72142857,39.41955044,1043.800002,17.74945355,9.97431694,13.86188525,10.22741935,10.20625,55.09999947,30.59075991,22.8605913,0.340065181
S_108,37.60000072,69.10000095,186.400001,13.775,13.89354839,13.50879121,6.05,6.080645161,6.758241758,10.13351648,27.00310673,969.8000024,17.81065574,9.965027322,13.88784153,9.987096774,9.9125,69.10000095,24.10310783,24.6317194,0.340065181
S_109,12.90000017,120.400001,273.2000026,27.6875,24.37419355,22.30549451,18.5875,14.96129032,12.00659341,17.15604396,24.84996678,928.6999985,18.2226776,9.562021858,13.89234973,19.66774194,23.1375,120.400001,20.53332986,25.72666067,0.790485442
S_11,13.30000017,64.59999924,218.6000011,15.825,16.24193548,20.5032967,7.8875,8.219354839,11.59450549,16.0489011,29.79060037,780.3000029,18.12377049,9.312021858,13.71789617,12.23064516,11.85625,64.59999924,28.67615608,30.39586837,0.790485442
S_110,20.69999994,232.7999973,601.9999919,19.1625,19.68387097,17.85714286,10.825,10.58387097,9.576923077,13.71703297,9.849266315,1274.599994,17.57185792,9.386065574,13.47896175,15.13387097,14.99375,232.7999973,8.996587165,18.42065108,0.790485442
S_111,57.29999913,257.9999962,644.5999912,18.5875,19.70322581,17.79120879,11.9625,10.60645161,9.615384615,13.7032967,9.193025531,1317.899993,17.50191257,9.349726776,13.42581967,15.15483871,15.275,257.9999962,8.124623027,17.77511177,0.790485442
S_112,39.09999956,244.3999967,625.3999915,19.45,19.76129032,17.84285714,11.3875,10.58064516,9.587912088,13.71538462,9.480086719,1297.999993,17.54153005,9.369125683,13.45532787,15.17096774,15.41875,244.3999967,8.58222901,18.07036055,0.790485442
S_113,58.79999913,259.3999962,646.0999912,18.025,19.53870968,17.75604396,11.65,10.57419355,9.601098901,13.67857143,9.162115676,1319.399993,17.47786885,9.321584699,13.39972678,15.05645161,14.8375,259.3999962,8.049167864,17.73512726,0.790485442
S_114,15.39999962,91.49999854,295.3999996,17.65,17.48064516,15.18021978,6.8375,6.790322581,5.193406593,10.18681319,17.08430367,1265.799997,15.30273224,5.581147541,10.44193989,12.13548387,12.24375,91.49999854,20.1590153,16.14942325,1.219714999
S_115,15.39999962,91.49999854,295.3999996,17.65,17.48064516,15.18021978,6.8375,6.790322581,5.193406593,10.18681319,17.08430367,1265.799997,15.30273224,5.581147541,10.44193989,12.13548387,12.24375,91.49999854,20.1590153,16.14942325,1.219714999
S_116,15.39999962,71.39999911,292.9999995,18.7375,18.10967742,15.50549451,6.7875,6.958064516,5.353846154,10.42967033,17.43145936,1259.299997,15.30956284,5.556557377,10.43306011,12.53387097,12.7625,71.39999911,26.29898447,16.22572871,1.219714999
S_117,13.69999981,105.3999991,287.6999998,17.6875,17.22903226,15.07582418,7.8625,6.890322581,5.134065934,10.10494505,17.47040761,1258.099997,15.33360656,5.612568306,10.47308743,12.05967742,12.775,105.3999991,17.44054018,16.27302081,1.219714999
S_118,13.69999981,105.3999991,287.6999998,17.6875,17.22903226,15.07582418,7.8625,6.890322581,5.134065934,10.10494505,17.47040761,1258.099997,15.33360656,5.612568306,10.47308743,12.05967742,12.775,105.3999991,17.44054018,16.27302081,1.219714999
S_119,15.39999962,76.59999892,295.3999996,18.125,17.79354839,15.33846154,6.525,6.816129032,5.271428571,10.30494505,17.18427986,1265.799997,15.28606557,5.551912568,10.41898907,12.30483871,12.325,76.59999892,24.26452005,16.13129177,1.219714999
S_12,1.700000025,60.99999924,218.5000011,16.275,16.23870968,20.36043956,7.575,8.151612903,11.45714286,15.90879121,29.64392572,780.3000029,18.09781421,9.294535519,13.69617486,12.19516129,11.925,60.99999924,30.32004612,30.36803124,0.790485442
S_120,51.49999958,80.79999948,246.1999996,16.75,18.20322581,21.1043956,9.6375,10.37096774,12.76703297,16.93571429,27.35145646,829.2000022,18.89098361,10.24726776,14.56912568,14.28709677,13.19375,80.79999948,25.04757163,29.62991512,-0.356168866
S_121,56.39999986,165.4999992,278.2,19.0125,20.61935484,20.17582418,11.075,11.96129032,10.70659341,15.44120879,22.86233716,844.8999991,18.59781421,10.06584699,14.3318306,16.29032258,15.04375,165.4999992,13.23729662,28.79847393,-0.356168866
S_122,31.70000005,147.4999992,278.2,20.85,20.47741935,20.17692308,11.2375,11.62258065,10.66703297,15.42197802,22.84505573,822.7999992,18.62322404,10.0295082,14.32636612,16.05,16.04375,147.4999992,14.7169255,29.56534534,-0.356168866
S_123,56.39999986,165.4999992,278.2,19.0125,20.61935484,20.17582418,11.075,11.96129032,10.70659341,15.44120879,22.86233716,844.8999991,18.59781421,10.06584699,14.3318306,16.29032258,15.04375,165.4999992,13.23729662,28.79847393,-0.356168866
S_124,13.10000002,57.29999996,175.8000019,18.925,15.4483871,14.13846154,7.9625,6.616129032,6.083516484,10.11098901,28.59924458,891.9000025,18.6,9.912568306,14.25628415,11.03225806,13.44375,57.29999996,30.58670272,27.19619249,-0.356168866
S_125,23.49999938,87.49999884,249.6000006,18.775,18.33870968,16.70659341,11.05,9.961290323,8.061538462,12.38406593,22.41993778,916.0000009,18.54672131,9.879781421,14.21325137,14.15,14.9125,87.49999884,22.99908031,26.4336805,-0.356168866
S_126,6.699999809,58.69999994,176.2000019,19.3,15.66774194,14.13296703,8.3375,6.683870968,6.089010989,10.11098901,28.53432008,893.3000025,18.60464481,9.916666667,14.26065574,11.17580645,13.81875,58.69999994,30.06098728,27.15846375,-0.356168866
S_127,21.39999934,87.79999889,251.2000004,18.4875,17.94193548,16.33186813,11.05,9.703225806,7.913186813,12.12252747,22.01684657,945.4000008,18.46721311,9.854098361,14.16065574,13.82258065,14.76875,87.79999889,22.60974568,25.55601409,-0.356168866
S_128,2.699999988,57.49999997,176.3000019,18.9875,16.09032258,14.24395604,8.675,6.970967742,6.171428571,10.20769231,28.65526389,892.8000025,18.58497268,9.923770492,14.25437158,11.53064516,13.83125,57.49999997,31.20258543,27.16663476,-0.356168866
S_129,20.50000009,74.00000048,302.4000003,22.8875,25.28064516,23.21538462,15.6625,15.73870968,13.76263736,18.48901099,23.55242308,814.3000017,18.70437158,10.03579235,14.37008197,20.50967742,19.275,74.00000048,34.35637031,29.92764573,-0.356168866
S_13,82.69999826,170.4999995,233.8999995,13.4375,13.02258065,16.87912088,8.325,6.274193548,7.718681319,12.2989011,23.83379772,1028.600006,15.69508197,6.601912568,11.14849727,9.648387097,10.88125,170.4999995,9.602933145,20.56046777,1.229324222
S_130,36.3000011,54.60000128,208.7000007,12.6875,13.58387097,15.66373626,6.7375,6.641935484,8.086813187,11.87527473,26.20421017,855.0000016,18.73797814,10.11502732,14.42650273,10.11290323,9.7125,54.60000128,30.69612063,28.56900899,-0.356168866
S_131,25.29999954,82.49999943,224.3999992,17.1125,18.20967742,21.12637363,9.1875,10.31612903,12.72417582,16.92527473,29.99696393,831.0000022,18.90191257,10.2442623,14.57308743,14.26290323,13.15,82.49999943,24.50700291,29.57050225,-0.356168866
S_132,20.50000009,74.00000048,302.4000003,22.8875,25.28064516,23.21538462,15.6625,15.73870968,13.76263736,18.48901099,23.55242308,814.3000017,18.70437158,10.03579235,14.37008197,20.50967742,19.275,74.00000048,34.35637031,29.92764573,-0.356168866
S_133,36.3000011,54.60000128,208.7000007,12.6875,13.58387097,15.66373626,6.7375,6.641935484,8.086813187,11.87527473,26.20421017,855.0000016,18.73797814,10.11502732,14.42650273,10.11290323,9.7125,54.60000128,30.69612063,28.56900899,-0.356168866
S_134,56.39999986,165.4999992,278.2,19.0125,20.61935484,20.17582418,11.075,11.96129032,10.70659341,15.44120879,22.86233716,844.8999991,18.59781421,10.06584699,14.3318306,16.29032258,15.04375,165.4999992,13.23729662,28.79847393,-0.356168866
S_135,56.09999949,80.79999948,246.1999996,16.4625,18.27741935,21.14945055,10.5375,10.48709677,12.88571429,17.01758242,27.4345882,829.2000022,18.88715847,10.24562842,14.56639344,14.38225806,13.5,80.79999948,25.1457126,29.62662009,-0.356168866
S_136,29.9000001,138.2999994,275.3,21.25,20.82258065,20.32527473,12.0625,11.94516129,10.71428571,15.51978022,23.1745189,797.0999996,18.64262295,10.01612022,14.32937158,16.38387097,16.65625,138.2999994,15.89709311,30.52235804,-0.356168866
S_137,56.39999986,165.4999992,278.2,19.0125,20.61935484,20.17582418,11.075,11.96129032,10.70659341,15.44120879,22.86233716,844.8999991,18.59781421,10.06584699,14.3318306,16.29032258,15.04375,165.4999992,13.23729662,28.79847393,-0.356168866
S_138x,20.50000009,74.00000048,302.4000003,23.5875,25.37096774,23.37032967,15.8125,15.79354839,13.80659341,18.58846154,23.6346408,815.8000017,18.71147541,10.03005464,14.37076503,20.58225806,19.7,74.00000048,34.438102,29.87345548,-0.356168866
S_140,6.999999993,53.70000122,215.5000007,13.25,13.67419355,15.41758242,6.1375,6.551612903,7.967032967,11.69230769,25.16509005,861.6000016,18.7204918,10.11338798,14.41693989,10.11290323,9.69375,53.70000122,31.21058077,28.33906667,-0.356168866
S_141x,36.3000011,54.60000128,208.7000007,12.6875,13.58387097,15.66373626,6.7375,6.641935484,8.086813187,11.87527473,26.20421017,855.0000016,18.73797814,10.11502732,14.42650273,10.11290323,9.7125,54.60000128,30.69612063,28.56900899,-0.356168866
S_142,6.79999999,53.70000122,215.5000007,13.2625,13.57096774,15.3032967,5.975,6.532258065,7.9,11.60164835,25.0599168,861.6000016,18.70601093,10.11420765,14.41010929,10.0516129,9.61875,53.70000122,31.11547235,28.33113886,-0.356168866
S_143,6.999999993,53.70000122,215.5000007,13.25,13.67419355,15.41758242,6.1375,6.551612903,7.967032967,11.69230769,25.16509005,861.6000016,18.7204918,10.11338798,14.41693989,10.11290323,9.69375,53.70000122,31.21058077,28.33906667,-0.356168866
S_144,6.999999993,53.70000122,215.5000007,13.25,13.67419355,15.41758242,6.1375,6.551612903,7.967032967,11.69230769,25.16509005,861.6000016,18.7204918,10.11338798,14.41693989,10.11290323,9.69375,53.70000122,31.21058077,28.33906667,-0.356168866
S_145,23.49999938,89.99999893,253.4000005,18.725,17.73548387,16.34615385,11.3625,9.593548387,7.896703297,12.12142857,21.82461378,932.6000008,18.47076503,9.846994536,14.15887978,13.66451613,15.04375,89.99999893,21.9107128,25.90486785,-0.356168866
S_146,19.29999961,26.69999962,104.8000006,18.5125,17.73225806,15.83846154,7.5875,6.332258065,5.805494505,10.82197802,49.67074881,1067.500001,18.87923497,9.603005464,14.24112022,12.03225806,13.05,26.69999962,68.76210078,22.70830932,-0.255189985
S_147x,3.400000028,45.49999985,132.7999997,18.8875,19.82580645,17.87032967,7.8125,8.85483871,7.179120879,12.52472527,42.40347389,995.0000016,18.96939891,9.549180328,14.25928962,14.34032258,13.35,45.49999985,44.57756236,24.38119556,-0.255189985
S_148,10.19999981,25.89999965,105.0000006,18.75,18.70322581,16.05934066,7.575,7.090322581,5.971428571,11.01538462,50.03662974,1066.000001,18.86530055,9.561202186,14.21325137,12.89677419,13.1625,25.89999965,73.66749882,22.71411946,-0.255189985
S_149x,12.50000024,75.8999996,133.4999996,19.325,19.80645161,17.64835165,8.4875,8.767741935,7.023076923,12.33571429,41.82718044,1006.400002,18.99371585,9.603278689,14.29849727,14.28709677,13.90625,75.8999996,26.6646085,24.14397578,-0.255189985
S_14x,42.30000002,84.10000032,224.9000001,8.7125,11.9,14.37252747,5.75,7.203225806,8.408791209,11.39065934,23.77796724,845.6999991,17.31530055,9.283333333,13.29931694,9.551612903,7.23125,84.10000032,19.37260282,27.55033341,0.808732569
S_15,31.10000039,84.00000032,221.4000001,9.775,11.78064516,14.29010989,4.2125,6.883870968,8.232967033,11.26153846,24.00806058,845.2999991,17.31147541,9.26284153,13.28715847,9.332258065,6.99375,84.00000032,19.17806022,27.54898674,0.808732569
S_150,0.900000028,221.2999972,298.1999973,25.3625,23.08709677,21.92417582,14.9625,14.70645161,12.71098901,17.31758242,22.90206461,1277.299998,18.81147541,9.8,14.3057377,18.89677419,20.1625,221.2999972,10.88101321,19.0289969,-0.255189985
S_151,10.50000022,216.6999978,307.9999975,23.8,22.94193548,21.88681319,14.75,14.36774194,12.77032967,17.32857143,22.18228218,1287.099998,18.74371585,9.77568306,14.25969945,18.65483871,19.275,216.6999978,11.01895586,18.84834083,-0.255189985
S_152,12.40000017,49.70000004,133.5999997,18.3375,19.71290323,17.83736264,7.625,8.683870968,7.130769231,12.48406593,42.07347678,999.4000015,18.96994536,9.552185792,14.26106557,14.1983871,12.98125,49.70000004,40.5724667,24.27563092,-0.255189985
S_153,10.80000023,205.6999976,308.2999975,22.45,22.99677419,21.82087912,14.4,14.28064516,12.74615385,17.28351648,22.1241621,1287.099998,18.72896175,9.767486339,14.24822404,18.63870968,18.425,205.6999976,11.6016709,18.83942512,-0.255189985
S_154x,12.40000017,49.70000004,133.5999997,18.3375,19.71290323,17.83736264,7.625,8.683870968,7.130769231,12.48406593,42.07347678,999.4000015,18.96994536,9.552185792,14.26106557,14.1983871,12.98125,49.70000004,40.5724667,24.27563092,-0.255189985
S_155x,10.50000022,216.6999978,307.9999975,23.8,22.94193548,21.88681319,14.75,14.36774194,12.77032967,17.32857143,22.18228218,1287.099998,18.74371585,9.77568306,14.25969945,18.65483871,19.275,216.6999978,11.01895586,18.84834083,-0.255189985
S_156,19.29999961,26.69999962,104.8000006,18.5125,17.73225806,15.83846154,7.5875,6.332258065,5.805494505,10.82197802,49.67074881,1067.500001,18.87923497,9.603005464,14.24112022,12.03225806,13.05,26.69999962,68.76210078,22.70830932,-0.255189985
S_157,31.40000075,55.70000076,128.3000002,13.9625,14.85806452,15.31758242,4.6375,4.912903226,6.065934066,10.69175824,40.31909237,581.3999997,20.0989071,9.673224044,14.88606557,9.885483871,9.3,55.70000076,29.74968309,42.80369038,-0.314481139
S_158,0.200000003,66.99999858,199.1999989,21.575,19.33870968,17.23406593,10.975,9.022580645,6.941758242,12.08791209,27.72077335,668.5999996,19.62923497,9.463114754,14.54617486,14.18064516,16.275,66.99999858,30.07422692,36.71279521,-0.314481139
S_159,0.200000003,66.99999858,199.1999989,21.575,19.33870968,17.23406593,10.975,9.022580645,6.941758242,12.08791209,27.72077335,668.5999996,19.62923497,9.463114754,14.54617486,14.18064516,16.275,66.99999858,30.07422692,36.71279521,-0.314481139
S_16,41.50000001,84.10000032,224.9000001,9.15,11.79677419,14.28571429,5.15,7.067741935,8.323076923,11.3043956,23.68207603,845.4999991,17.31693989,9.276502732,13.29672131,9.432258065,7.15,84.10000032,19.25434076,27.55378041,0.808732569
S_160,44.8000012,69.8000012,139.5000006,12.4,14.61935484,15.06813187,4.475,4.761290323,5.854945055,10.46153846,36.6694236,595.8000002,20.0773224,9.668032787,14.8726776,9.690322581,8.4375,69.8000012,23.50708528,41.74668947,-0.314481139
S_161x,42.90000117,67.60000116,137.3000006,12.9875,14.67419355,15.1021978,4.95,4.787096774,5.943956044,10.52307692,37.36904012,593.6000001,20.0773224,9.671584699,14.87445355,9.730645161,8.96875,67.60000116,24.3218141,41.90440287,-0.314481139
S_162x,31.40000075,55.70000076,128.3000002,13.9625,14.85806452,15.31758242,4.6375,4.912903226,6.065934066,10.69175824,40.31909237,581.3999997,20.0989071,9.673224044,14.88606557,9.885483871,9.3,55.70000076,29.74968309,42.80369038,-0.314481139
S_163,11.2,77.99999858,197.9999985,22.4,19.24193548,17.48901099,10.125,9.019354839,7.026373626,12.25769231,28.10314706,679.5999996,19.60027322,9.465846995,14.53306011,14.13064516,16.2625,77.99999858,25.77957305,36.09926446,-0.314481139
S_164,11.2,77.99999858,197.9999985,22.4,19.24193548,17.48901099,10.125,9.019354839,7.026373626,12.25769231,28.10314706,679.5999996,19.60027322,9.465846995,14.53306011,14.13064516,16.2625,77.99999858,25.77957305,36.09926446,-0.314481139
S_165x,31.40000075,55.70000076,128.3000002,13.9625,14.85806452,15.31758242,4.6375,4.912903226,6.065934066,10.69175824,40.31909237,581.3999997,20.0989071,9.673224044,14.88606557,9.885483871,9.3,55.70000076,29.74968309,42.80369038,-0.314481139
S_166,11.2,77.99999858,209.5999989,21.7625,19.3,17.32307692,10.425,9.009677419,6.958241758,12.14065934,26.40822931,679.5999996,19.61502732,9.470218579,14.54262295,14.15483871,16.09375,77.99999858,25.80541982,36.11333574,-0.314481139
S_167x,31.30000079,56.30000079,127.9000003,13.5875,14.78709677,15.18131868,5.125,4.948387097,6.004395604,10.59285714,40.2518708,581.9999997,20.09098361,9.676502732,14.88374317,9.867741935,9.35625,56.30000079,29.406375,42.75557247,-0.314481139
S_168,39.90000075,55.70000076,128.3000002,13.3375,14.8,15.37912088,4.7375,5.003225806,6.16043956,10.76978022,40.47112273,581.3999997,20.09043716,9.683060109,14.88674863,9.901612903,9.0375,55.70000076,29.77381294,42.80486523,-0.314481139
S_169x,78.49999982,168.1999983,194.0999986,13.2375,17.2516129,20.85384615,8.15,10.03225806,11.69120879,16.27252747,33.83890735,746.7999967,18.7352459,9.590710383,14.16297814,13.64193548,10.69375,168.1999983,11.71273783,32.35535384,0.26153326
S_17,78.09999824,128.399998,233.2999995,14.6125,13.4483871,16.60549451,7.625,6.177419355,7.464835165,12.03516484,23.61247844,1008.500005,15.74535519,6.613114754,11.17923497,9.812903226,11.11875,128.399998,12.85832751,21.00072867,1.229324222
S_170,12.30000005,102.3000017,229.8000004,25.1,22.90322581,23.3,15.8125,13.98064516,13.30879121,18.3043956,30.79242336,772.6999969,18.64234973,9.678688525,14.16051913,18.44193548,20.45625,102.3000017,23.16780492,31.26765785,0.26153326
S_171,11.70000003,94.00000188,218.8,25.4375,23.66129032,23.51648352,15.7125,14.5,13.49450549,18.50549451,32.57026337,771.9999969,18.68278689,9.692622951,14.18770492,19.08064516,20.575,94.00000188,25.77968205,31.33122411,0.26153326
S_172x,84.99999982,184.5999987,203.6999988,13.2875,16.89354839,20.62307692,8.4375,9.829032258,11.49120879,16.05714286,31.97980241,762.199997,18.70765027,9.578142077,14.14289617,13.36129032,10.8625,184.5999987,10.54548394,31.67527718,0.26153326
S_173,7.400000073,36.50000089,166.6000002,13.5375,15.22580645,17.37582418,7.8,7.722580645,9.638461538,13.50714286,35.27482418,580.1999995,19.38442623,9.953005464,14.66871585,11.47419355,10.66875,36.50000089,49.02587685,42.51760749,-0.314047009
S_174,7.400000073,38.70000093,166.6000002,14.4375,15.34193548,17.43846154,7.45,7.738709677,9.627472527,13.53296703,35.31357594,586.7999994,19.39016393,9.946994536,14.66857923,11.54032258,10.94375,38.70000093,46.38126711,42.03916029,-0.314047009
S_175,0,77.99999872,231.6999978,20.4,18.08064516,15.94065934,10.6125,8.464516129,6.795604396,11.36813187,23.05581794,676.0999979,18.8942623,9.652185792,14.27322404,13.27258065,15.50625,77.99999872,24.86287406,35.90182535,-0.314047009
S_176,0.200000003,70.79999863,200.9999974,19.2,18.48064516,16.26373626,10.075,8.861290323,6.878021978,11.57087912,26.82945199,675.2999979,18.85737705,9.643989071,14.25068306,13.67096774,14.6375,70.79999863,27.86019464,35.91097754,-0.314047009
S_177,39.0999999,67.10000015,151.0999993,17.075,20.58387097,23.43076923,10.45,12.28709677,13.65824176,18.54450549,47.22783857,779.100001,19.30409836,10.0863388,14.69521858,16.43548387,13.7625,67.10000015,32.82964033,31.69711019,-0.314047009
S_178,0,77.99999872,231.6999978,20.4,18.08064516,15.94065934,10.6125,8.464516129,6.795604396,11.36813187,23.05581794,676.0999979,18.8942623,9.652185792,14.27322404,13.27258065,15.50625,77.99999872,24.86287406,35.90182535,-0.314047009
S_179,29.19999991,88.29999958,145.8999995,17.8875,20.66774194,23.67582418,10.475,12.33870968,13.73736264,18.70659341,49.18881684,769.100001,19.34508197,10.08278689,14.71393443,16.50322581,14.18125,88.29999958,25.01148151,32.13357742,-0.314047009
S_18,7.59999992,75.19999967,226.6999985,13.1375,12.83548387,15.03736264,3.4125,6.261290323,7.941758242,11.48956044,23.69823619,847.3000022,17.94863388,9.226775956,13.58770492,9.548387097,8.275,75.19999967,21.6617966,27.83866972,0.790485442
S_180,12.3999998,26.09999958,98,14.9125,14.22580645,14.82527473,5.2,5.364516129,6.758241758,10.79175824,53.0401996,576.8999991,19.33961749,9.883879781,14.61174863,9.79516129,10.05625,26.09999958,63.20041443,42.66207085,-0.314047009
S_181,7.300000072,39.50000091,170.9000003,14.5375,15.77419355,17.69230769,6.425,7.958064516,9.779120879,13.73571429,34.72164167,623.6,19.37486339,9.940983607,14.6579235,11.86612903,10.48125,39.50000091,46.1292276,39.54125,-0.314047009
S_182,7.400000073,39.60000091,171.0000003,14.625,15.58387097,17.5010989,6.925,7.84516129,9.687912088,13.59450549,34.49489102,610.5000002,19.38196721,9.940710383,14.6613388,11.71451613,10.775,39.60000091,45.6937017,40.39531333,-0.314047009
S_183,29.19999991,88.29999958,145.8999995,17.8875,20.66774194,23.67582418,10.475,12.33870968,13.73736264,18.70659341,49.18881684,769.100001,19.34508197,10.08278689,14.71393443,16.50322581,14.18125,88.29999958,25.01148151,32.13357742,-0.314047009
S_184,0.200000003,74.79999863,231.5999978,19.8875,18.19032258,15.96483516,10.875,8.683870968,6.816483516,11.39065934,23.09009018,676.2999979,18.87786885,9.658196721,14.26803279,13.43709677,15.38125,74.79999863,26.10980361,35.88353225,-0.314047009
S_185,0.200000003,74.79999863,231.5999978,19.8875,18.19032258,15.96483516,10.875,8.683870968,6.816483516,11.39065934,23.09009018,676.2999979,18.87786885,9.658196721,14.26803279,13.43709677,15.38125,74.79999863,26.10980361,35.88353225,-0.314047009
S_186,0.200000003,70.79999863,202.9999974,18.9625,18.26451613,16.07252747,10.6625,8.783870968,6.827472527,11.45,26.41625649,676.2999979,18.83661202,9.649453552,14.24303279,13.52419355,14.8125,70.79999863,27.68744472,35.84656641,-0.314047009
S_187x,7.300000072,39.50000091,170.9000003,14.5375,15.77419355,17.69230769,6.425,7.958064516,9.779120879,13.73571429,34.72164167,623.6,19.37486339,9.940983607,14.6579235,11.86612903,10.48125,39.50000091,46.1292276,39.54125,-0.314047009
S_188,0.200000003,70.79999863,200.9999974,21.6375,18.78387097,16.50879121,10.45,9.025806452,7.003296703,11.75604396,27.05975651,675.2999979,18.89836066,9.660655738,14.2795082,13.90483871,16.04375,70.79999863,28.13545548,35.95366248,-0.314047009
S_189,32.39999981,55.30000015,147.1999994,17.6375,20.53548387,23.43956044,10.325,12.19354839,13.65384615,18.5467033,48.48285227,779.300001,19.29754098,10.07704918,14.68729508,16.36451613,13.98125,55.30000015,39.72794074,31.67880797,-0.314047009
S_19,7.199999914,73.59999964,226.6999985,13.475,12.81612903,14.97802198,3.5,6.219354839,7.923076923,11.45054945,23.65521569,837.2000018,17.95491803,9.224043716,13.58948087,9.517741935,8.4875,73.59999964,22.09800874,28.17663739,0.790485442
S_190,39.0999999,67.10000015,151.0999993,17.075,20.58387097,23.43076923,10.45,12.28709677,13.65824176,18.54450549,47.22783857,779.100001,19.30409836,10.0863388,14.69521858,16.43548387,13.7625,67.10000015,32.82964033,31.69711019,-0.314047009
S_191,12.3999998,26.09999958,98,14.9125,14.22580645,14.82527473,5.2,5.364516129,6.758241758,10.79175824,53.0401996,576.8999991,19.33961749,9.883879781,14.61174863,9.79516129,10.05625,26.09999958,63.20041443,42.66207085,-0.314047009
S_192,36.19999981,64.30000006,152.9999994,17.0875,20.57096774,23.43406593,10.7375,12.28387097,13.64285714,18.53846154,46.63147329,776.2000009,19.33032787,10.09125683,14.71079235,16.42741935,13.9125,64.30000006,34.24878465,31.83559949,-0.314047009
S_193,23.39999986,57.49999965,218.7000027,20.975,22.63548387,20.61758242,14.225,14.05483871,12.13846154,16.37802198,30.15320262,1121.300002,18.16202186,10.05245902,14.10724044,18.34516129,17.6,57.49999965,41.07830095,21.49936715,-0.263026863
S_194x,19.3000005,43.10000014,170.2000003,11.6,13.96129032,14.05494505,5.275,6.035483871,6.486813187,10.27087912,29.77508679,1205.500006,18.00327869,9.886065574,13.94467213,9.998387097,8.4375,43.10000014,38.66509493,19.86285525,-0.263026863
S_195,60.1000005,124.1000011,372.3000016,13.85,14.21612903,17.44945055,7.7625,7.603225806,10.16923077,13.80934066,15.98800736,1285.600008,17.96147541,10.00136612,13.98142077,10.90967742,10.80625,124.1000011,14.04031752,18.65387416,-0.263026863
S_196x,12.29999989,84.29999848,135.0999986,18.725,18.59354839,16.44175824,7.75,8.674193548,6.974725275,11.70824176,40.17069206,1022.900006,18.22404372,9.792076503,14.00806011,13.63387097,13.2375,84.29999848,23.36192768,23.47058361,-0.263026863
S_197,12.29999989,84.29999848,135.0999986,18.725,18.59354839,16.44175824,7.75,8.674193548,6.974725275,11.70824176,40.17069206,1022.900006,18.22404372,9.792076503,14.00806011,13.63387097,13.2375,84.29999848,23.36192768,23.47058361,-0.263026863
S_198,15.79999989,78.19999886,138.5999986,20.9125,18.95806452,16.58901099,8.6375,8.629032258,7.041758242,11.81538462,39.34953976,1023.400006,18.27240437,9.791530055,14.03196721,13.79354839,14.775,78.19999886,25.35442987,23.48247711,-0.263026863
S_199,3.000000037,107.4000016,204.5000004,21.0875,22.4,20.49230769,11.0375,11.53548387,9.737362637,15.11483516,30.70273241,939.8000052,18.70765027,9.824863388,14.26625683,16.96774194,16.0625,107.4000016,20.92385384,25.82066046,-0.263026863
S_2,31.10000039,84.00000032,221.4000001,9.775,11.78064516,14.29010989,4.2125,6.883870968,8.232967033,11.26153846,24.00806058,845.2999991,17.31147541,9.26284153,13.28715847,9.332258065,6.99375,84.00000032,19.17806022,27.54898674,0.808732569
S_20,34.29999963,85.09999852,264.9999992,13.6875,13.60322581,10.8989011,4.9625,5.196774194,3.26043956,7.07967033,16.11289658,1239.200007,15.90710383,6.758743169,11.3329235,9.4,9.325,85.09999852,18.99649857,17.21507697,1.229324222
S_200,15.79999989,78.19999886,138.5999986,20.9125,18.95806452,16.58901099,8.6375,8.629032258,7.041758242,11.81538462,39.34953976,1023.400006,18.27240437,9.791530055,14.03196721,13.79354839,14.775,78.19999886,25.35442987,23.48247711,-0.263026863
S_201,23.60000016,80.50000015,320.4000035,20.25,20.83870968,21.63956044,13.6875,12.10322581,13.22087912,17.43021978,21.40310509,1265.200007,17.8215847,9.969672131,13.89562842,16.47096774,16.96875,80.50000015,27.40156196,18.88683867,-0.263026863
S_202,18.29999997,75.19999996,319.2000033,21.675,20.90645161,21.62857143,13.2,12.10645161,13.21868132,17.42362637,21.47840389,1259.900007,17.84726776,9.963661202,13.90546448,16.50645161,17.4375,75.19999996,29.37210923,18.97409664,-0.263026863
S_203,23.60000016,80.50000015,320.4000035,20.25,20.83870968,21.63956044,13.6875,12.10322581,13.22087912,17.43021978,21.40310509,1265.200007,17.8215847,9.969672131,13.89562842,16.47096774,16.96875,80.50000015,27.40156196,18.88683867,-0.263026863
S_204,18.39999995,52.39999975,213.6000028,21.325,22.76451613,20.62857143,14.4,14.00322581,12.09120879,16.35989011,30.85193091,1116.200002,18.1942623,10.05655738,14.12540984,18.38387097,17.8625,52.39999975,45.13793854,21.61387725,-0.263026863
S_205,15.79999989,87.59999847,138.5999986,19.1625,18.48064516,16.47472527,8.025,8.519354839,6.996703297,11.73571429,39.20583425,1025.700006,18.23360656,9.791803279,14.01270492,13.5,13.59375,87.59999847,22.35450952,23.41104103,-0.263026863
S_206,11.5999999,83.59999849,134.5999986,18.325,18.64516129,16.3010989,8.025,8.683870968,6.932967033,11.61703297,40.15050742,1023.200006,18.2068306,9.784153005,13.9954918,13.66451613,13.175,83.59999849,23.58808809,23.45141875,-0.263026863
S_207,13.10000012,45.99999989,242.0000031,21.5625,23.16774194,20.47912088,14.625,14.07096774,11.95384615,16.21648352,27.08314378,1157.100001,18.19535519,10.0636612,14.1295082,18.61935484,18.09375,45.99999989,51.84458358,20.85343374,-0.263026863
S_208,1.600000024,38.80000032,158.6,13.1375,14.11935484,14.13736264,4.7625,6.032258065,6.338461538,10.23791209,31.90087024,1191.300007,18.0136612,9.884972678,13.94931694,10.07580645,8.95,38.80000032,43.11641592,20.10351449,-0.263026863
S_209,6.500000216,39.39999998,235.4000032,22.9375,23.29677419,20.50659341,15.325,14.05806452,11.98021978,16.24340659,27.87107714,1150.500001,18.21721311,10.09344262,14.15532787,18.67741935,19.13125,39.39999998,60.65201411,20.99550443,-0.263026863
S_21,34.29999963,85.09999852,264.9999992,13.6875,13.60322581,10.8989011,4.9625,5.196774194,3.26043956,7.07967033,16.11289658,1239.200007,15.90710383,6.758743169,11.3329235,9.4,9.325,85.09999852,18.99649857,17.21507697,1.229324222
S_210,3.800000049,107.4000016,213.9000001,19.9375,22.40967742,20.3989011,10.775,11.28064516,9.675824176,15.03736264,29.26292968,939.8000052,18.69535519,9.819945355,14.25765027,16.84516129,15.35625,107.4000016,20.82874541,25.8115026,-0.263026863
S_211,54.70000041,87.50000022,368.1000016,13.8125,14.33225806,17.36703297,7.025,7.461290323,10.11428571,13.74065934,16.12378378,1285.600008,17.96065574,10.01092896,13.98579235,10.89677419,10.41875,87.50000022,19.90089359,18.65727458,-0.263026863
S_212,3.800000049,107.4000016,213.9000001,19.9375,22.40967742,20.3989011,10.775,11.28064516,9.675824176,15.03736264,29.26292968,939.8000052,18.69535519,9.819945355,14.25765027,16.84516129,15.35625,107.4000016,20.82874541,25.8115026,-0.263026863
S_213,54.70000041,87.50000022,368.1000016,13.8125,14.33225806,17.36703297,7.025,7.461290323,10.11428571,13.74065934,16.12378378,1285.600008,17.96065574,10.01092896,13.98579235,10.89677419,10.41875,87.50000022,19.90089359,18.65727458,-0.263026863
S_214,23.60000016,80.50000015,320.4000035,19.675,20.37419355,21.60549451,13.575,12.13225806,13.27472527,17.44010989,21.41082209,1265.200007,17.81775956,9.97295082,13.89535519,16.25322581,16.625,80.50000015,27.17616525,18.88662271,-0.263026863
S_215,13.70000041,38.90000033,164.9000002,12.4,13.99354839,14.0967033,4.8,5.95483871,6.393406593,10.24505495,30.69292741,1195.500006,18.00191257,9.886338798,13.94412568,9.974193548,8.6,38.90000033,42.78790577,20.02854501,-0.263026863
S_217,47.10000074,98.80000009,320.2000004,12.575,14.18387097,17.02857143,7.425,8.193548387,9.724175824,13.37637363,18.25138476,953.100001,19.03142077,10.3920765,14.71174863,11.18870968,10,98.80000009,17.8710038,25.92776058,0.507020235
S_218,28.49999911,115.1999999,327.1999993,16.2125,18.05806452,15.5,8.175,9.348387097,7.721978022,11.61098901,16.51206377,1139.499999,19.05245902,10.63169399,14.8420765,13.70322581,12.19375,115.1999999,17.14574487,21.80085698,0.507020235
S_219,28.49999911,115.1999999,327.1999993,16.2125,18.05806452,15.5,8.175,9.348387097,7.721978022,11.61098901,16.51206377,1139.499999,19.05245902,10.63169399,14.8420765,13.70322581,12.19375,115.1999999,17.14574487,21.80085698,0.507020235
S_22,33.99999962,84.99999852,261.4999992,14.0625,13.64516129,10.97032967,4.8625,5.048387097,3.263736264,7.117032967,16.36427631,1239.200007,15.89125683,6.754371585,11.32281421,9.346774194,9.4625,84.99999852,18.96666731,17.20691906,1.229324222
S_220,3.399999976,125.3000023,327.300002,17.3875,18.76451613,18.37142857,10.8625,11.04516129,9.886813187,14.12912088,18.43043135,1185.100002,18.6773224,10.31393443,14.49562842,14.90483871,14.125,125.3000023,16.56281063,20.66967207,0.507020235
S_221,5,109.8999994,176.1999998,26.7875,26.40967742,24.79450549,16.575,16.08064516,14.48681319,19.64065934,42.05541909,873.4000008,19.08606557,10.4147541,14.75040984,21.24516129,21.68125,109.8999994,23.69116746,28.3380007,0.507020235
S_222,3.399999976,125.3000023,327.300002,17.375,18.57741935,18.37472527,11.0625,11.11290323,9.948351648,14.16153846,18.45519272,1185.100002,18.63852459,10.30601093,14.47226776,14.84516129,14.21875,125.3000023,16.52312252,20.6499601,0.507020235
S_223,4.199999958,110.1999995,174.4999998,24.3375,25.62258065,24.67362637,16.25,15.91612903,14.5032967,19.58846154,42.3903461,873.8000009,19.06448087,10.43360656,14.74904372,20.76935484,20.29375,110.1999995,23.26688159,28.32346497,0.507020235
S_224,13.80000019,63.00000016,228.8999985,20.2,20.78064516,23.65384615,9.875,11.13225806,13.75164835,18.70274725,31.34856645,838.7000004,19.06721311,10.18825137,14.62773224,15.95645161,15.0375,63.00000016,34.33255726,29.3641734,0.507020235
S_225,53.3999995,114.6999999,326.4999993,16.075,18.2516129,15.48241758,8.0375,9.322580645,7.695604396,11.58901099,16.53063632,1145.599999,19.04863388,10.62568306,14.83715847,13.78709677,12.05625,114.6999999,17.28141915,21.68048052,0.507020235
S_226,27.29999901,117.3999998,326.8999993,15.825,17.85483871,15.59450549,8.8125,9.296774194,7.731868132,11.66318681,16.56713587,1140.399999,19.04863388,10.64808743,14.84836066,13.57580645,12.31875,117.3999998,16.73400303,21.7891623,0.507020235
S_227,27.29999901,117.3999998,326.8999993,15.825,17.85483871,15.59450549,8.8125,9.296774194,7.731868132,11.66318681,16.56713587,1140.399999,19.04863388,10.64808743,14.84836066,13.57580645,12.31875,117.3999998,16.73400303,21.7891623,0.507020235
S_228,13.80000019,63.00000016,228.8999985,20.2,20.78064516,23.65384615,9.875,11.13225806,13.75164835,18.70274725,31.34856645,838.7000004,19.06721311,10.18825137,14.62773224,15.95645161,15.0375,63.00000016,34.33255726,29.3641734,0.507020235
S_229,46.50000072,92.9999999,308.5000006,12.9125,14.25806452,16.81648352,6.7,7.935483871,9.495604396,13.15604396,18.76502748,953.100001,19.04071038,10.38442623,14.71256831,11.09677419,9.80625,92.9999999,18.90316339,25.92862059,0.507020235
S_23,18.6000003,64.20000055,266.7000015,12.3375,12.53548387,10.19120879,3.6625,3.522580645,1.937362637,6.064285714,15.05838548,1232.299996,15.56311475,5.65,10.60655738,8.029032258,8,64.20000055,23.40123435,16.72202989,1.219714999
S_230,37.60000012,71.30000057,267.9000017,12.3,14.07096774,13.82417582,4.45,6.487096774,6.869230769,10.3467033,18.98721834,1014.900001,19.06994536,10.49863388,14.78428962,10.27903226,8.375,71.30000057,23.70058548,24.42042526,0.507020235
S_231,7.300000049,27.00000031,207.8999993,25.2375,24.65483871,21.6043956,12.2625,13.56129032,11.9978022,16.8010989,32.22835376,882.1000023,18.8568306,10.1795082,14.5181694,19.10806452,18.75,27.00000031,89.83611067,27.79522655,0.507020235
S_232,46.50000072,92.9999999,308.5000006,12.575,14.19354839,16.92307692,7.1625,8.087096774,9.616483516,13.26978022,18.85719625,953.100001,19.03224044,10.38387978,14.70806011,11.14032258,9.86875,92.9999999,18.94218368,25.92389055,0.507020235
S_233,51.09999847,110.3999994,185.6999998,25.7875,26.20967742,24.71098901,16.075,15.96129032,14.42857143,19.56978022,39.80853561,873.9000008,19.06092896,10.39344262,14.72718579,21.08548387,20.93125,110.3999994,23.46334587,28.295212,0.507020235
S_234,51.09999847,110.3999994,192.6999998,25.05,25.96774194,24.58241758,17.3,16.07096774,14.42637363,19.5043956,38.27762796,897.5000012,19.0295082,10.39453552,14.71202186,21.01935484,21.175,110.3999994,23.41343163,27.53428615,0.507020235
S_235,4.699999928,128.2000023,330.600002,18.725,18.79677419,18.39010989,11.55,11.12258065,9.992307692,14.19120879,18.29341247,1187.500002,18.6431694,10.29508197,14.46912568,14.95967742,15.1375,128.2000023,16.22379004,20.60557949,0.507020235
S_236,29.70000003,70.30000057,267.9000017,12.8125,14.1483871,13.85054945,4.2375,6.374193548,6.838461538,10.34450549,18.98516738,1013.800001,19.07978142,10.49590164,14.78784153,10.26129032,8.525,70.30000057,24.01669003,24.45042563,0.507020235
S_237,25.19999911,115.3999999,326.8999993,16.3875,17.85483871,15.54725275,8.3625,9.24516129,7.715384615,11.63131868,16.5427644,1138.499999,19.06420765,10.63306011,14.84863388,13.55,12.375,115.3999999,17.00538564,21.8257654,0.507020235
S_238,28.39999972,62.20000017,260.7000013,15.2875,14.21935484,13.88571429,6.725,6.648387097,6.997802198,10.44175824,19.60276001,1007.500001,19.08360656,10.51693989,14.80027322,10.43387097,11.00625,62.20000017,27.37547368,24.61565579,0.507020235
S_239,4.00000006,46.89999945,386.3999952,20.925,22.55806452,20.55934066,13.1125,13.69354839,11.99120879,16.27527473,17.00004856,1197.89999,17.21639344,9.196174863,13.20628415,18.12580645,17.01875,46.89999945,49.97278207,19.37247211,0.685848117
S_24,66.49999893,272.1999962,402.199996,18.025,16.37096774,16.19010989,9.825,9.109677419,7.568131868,11.87912088,13.59965259,1100.499997,17.88879781,9.430874317,13.65983607,12.74032258,13.925,272.1999962,6.961613178,21.49916958,0.790485442
S_240,3.600000143,45.10000024,185.9999978,23.175,21.33870968,21.71208791,12.925,12.30645161,12.90769231,17.30989011,36.70684198,1194.599989,17.14863388,9.099453552,13.12404372,16.82258065,18.05,45.10000024,49.55932668,19.35714376,0.685848117
S_241,4.00000006,46.89999945,386.3999952,20.925,22.55806452,20.55934066,13.1125,13.69354839,11.99120879,16.27527473,17.00004856,1197.89999,17.21639344,9.196174863,13.20628415,18.12580645,17.01875,46.89999945,49.97278207,19.37247211,0.685848117
S_242,9.700000107,128.6999983,240.0999971,13.3875,12.85483871,13.46043956,5.7625,5.716129032,6.618681319,10.03956044,20.86584827,1266.499985,17.47322404,9.316393443,13.39480874,9.285483871,9.575,128.6999983,12.48686396,18.4720166,0.685848117
S_243,20.1000002,101.7999991,285.8999979,14.9,13.59354839,13.23296703,6.0875,6.25483871,6.09010989,9.661538462,17.19267105,1320.699983,17.26666667,9.35136612,13.30901639,9.924193548,10.49375,101.7999991,16.30926388,17.64898667,0.685848117
S_244,8.600000143,27.60000024,178.699998,21.7875,21.17096774,21.46703297,13.175,12.25483871,12.8010989,17.13406593,37.96036127,1189.699989,17.16311475,9.130327869,13.14672131,16.71290323,17.48125,27.60000024,80.65167415,19.45593135,0.685848117
S_245,23.5000001,70.00000028,238.2999991,18.2625,19.38387097,16.81648352,9.6125,9.219354839,7.750549451,12.28351648,23.37758767,1102.899988,17.62322404,9.363387978,13.49330601,14.3016129,13.9375,70.00000028,28.92933421,21.30139293,0.685848117
S_246,26.00000001,105.0999979,212.5999978,18.2375,17.12580645,19.4978022,11.3625,9.332258065,11.06043956,15.27912088,29.72615374,1211.199987,17.23879781,9.21420765,13.22650273,13.22903226,14.8,105.0999979,18.41746239,19.17643905,0.685848117
S_247,23.5000001,70.20000029,239.0999991,18.275,19.37419355,16.74615385,9.525,9.177419355,7.683516484,12.21483516,23.22755672,1116.399988,17.62786885,9.365300546,13.4965847,14.27580645,13.9,70.20000029,28.81628124,21.04674395,0.685848117
S_248x,23.4000001,84.10000028,244.2999993,18.7375,19.28064516,16.71318681,9.5375,9.235483871,7.656043956,12.18461538,22.7022262,1148.399987,17.63688525,9.37704918,13.50696721,14.25806452,14.1375,84.10000028,24.03596325,20.46932035,0.685848117
S_249,0.700000025,93.00000001,199.7000016,27.6625,24.21290323,24.29120879,14.6125,14.50645161,13.34065934,18.81593407,36.07402834,764.1000006,19.46502732,9.496994536,14.48101093,19.35967742,21.1375,93.00000001,26.30690235,32.03901441,0.259270638
S_25,12.7000002,61.80000045,265.9000015,13.075,13.23870968,10.5010989,2.65,3.864516129,2.059340659,6.28021978,15.30671276,1216.499997,15.59918033,5.663661202,10.63142077,8.551612903,7.8625,61.80000045,25.01465845,16.95965542,1.219714999
S_250,37.89999936,141.2999981,245.299997,14.8625,12.64516129,13.71978022,7.325,5.974193548,6.876923077,10.29835165,20.68727262,1280.899985,17.44262295,9.32431694,13.38346995,9.309677419,11.09375,141.2999981,11.38765351,18.25550021,0.685848117
S_251,20.50000006,100.299999,287.8999979,13.95,13.50322581,13.14725275,6.25,6.319354839,6.11978022,9.633516484,17.04890294,1318.999983,17.24972678,9.356830601,13.30327869,9.911290323,10.1,100.299999,16.54245103,17.66738362,0.685848117
S_252,21.6000002,103.7999991,287.2999979,14.975,13.44516129,13.27252747,6.25,6.219354839,6.148351648,9.71043956,17.15144423,1323.199983,17.25054645,9.357923497,13.30423497,9.832258065,10.6125,103.7999991,15.92121463,17.61202786,0.685848117
S_253,6.200000085,14.69999997,202.2999964,12.7125,14.19354839,16.44725275,5.575,6.832258065,8.927472527,12.68736264,28.03678082,1182.899986,17.25163934,9.120491803,13.18606557,10.51290323,9.14375,14.69999997,116.2816482,19.6010363,0.685848117
S_254,9.100000121,138.0999981,232.299997,15.175,12.65483871,13.71868132,6.7875,5.84516129,6.781318681,10.25,21.79294044,1279.799985,17.45901639,9.322404372,13.39071038,9.25,10.98125,138.0999981,11.61551428,18.27684846,0.685848117
S_255,0.100000001,52.89999921,406.6999948,21.5625,22.59354839,20.53406593,12.625,13.66451613,11.77912088,16.15659341,16.07855529,1195.39999,17.21693989,9.171584699,13.1942623,18.12903226,17.09375,52.89999921,44.30987322,19.40292997,0.685848117
S_256,9.700000107,128.6999983,240.0999971,13.3875,12.85483871,13.46043956,5.7625,5.716129032,6.618681319,10.03956044,20.86584827,1266.499985,17.47322404,9.316393443,13.39480874,9.285483871,9.575,128.6999983,12.48686396,18.4720166,0.685848117
S_257,5.200000048,55.79999981,184.7999978,20.9625,20.98709677,21.65714286,11.625,12.33225806,12.84505495,17.2510989,36.86566455,1193.399989,17.11338798,9.068032787,13.09071038,16.65967742,16.29375,55.79999981,39.81274063,19.34867656,0.685848117
S_258,8.100000143,27.10000024,190.3999978,22.5125,21.29032258,21.57252747,13.325,12.31612903,12.86483516,17.21868132,35.73881517,1189.699989,17.16092896,9.11420765,13.13756831,16.80322581,17.91875,27.10000024,82.417446,19.44823781,0.685848117
S_259,7.500000216,136.7999984,236.8999972,14.7375,12.73548387,13.6956044,7.025,5.777419355,6.723076923,10.20934066,21.32686882,1281.199985,17.46748634,9.320218579,13.39385246,9.256451613,10.88125,136.7999984,11.72982553,18.25932933,0.685848117
S_260,26.00000001,105.0999979,212.5999978,18.2375,17.12580645,19.4978022,11.3625,9.332258065,11.06043956,15.27912088,29.72615374,1211.199987,17.23879781,9.21420765,13.22650273,13.22903226,14.8,105.0999979,18.41746239,19.17643905,0.685848117
S_261,0.200000003,93.10000002,198.2000015,27.275,23.99354839,24.36923077,14.4125,14.47096774,13.37142857,18.87032967,36.41565268,764.2000006,19.44398907,9.500273224,14.47213115,19.23225806,20.84375,93.10000002,26.1645979,32.02320221,0.259270638
S_262,15.59999996,50.60000014,168.900001,18.925,18.90645161,16.78351648,8.25,8.6,7.317582418,12.05054945,32.63846851,1046.600011,19.71338798,9.829508197,14.77144809,13.75322581,13.5875,50.60000014,39.11771346,23.66849591,0.231061861
S_263,31.59999943,95.3999991,177.0999994,17.9,19.31935484,18.51978022,9.425,9.396774194,8.324175824,13.42197802,33.0632102,1075.40001,19.59071038,9.761202186,14.67595628,14.35806452,13.6625,95.3999991,21.27628444,22.94583973,0.231061861
S_264,61.09999943,109.3999991,182.0999994,17.6,18.91612903,18.51098901,10.7125,9.3,8.372527473,13.44175824,32.18253476,1075.40001,19.60191257,9.779234973,14.69057377,14.10806452,14.15625,109.3999991,18.3631173,22.95943234,0.231061861
S_265,47.39999962,98.8999991,182.0999994,17.95,19.05483871,18.51978022,9.925,9.348387097,8.343956044,13.43186813,32.16895691,1075.40001,19.5931694,9.770765027,14.68196721,14.2016129,13.9375,98.8999991,20.39151084,22.95142922,0.231061861
S_266,19.3999998,108.0999991,189.7999994,16.575,19.24193548,18.56153846,8.8875,9.558064516,8.442857143,13.5021978,30.9565304,1088.10001,19.53333333,9.754918033,14.64412568,14.4,12.73125,108.0999991,18.80899183,22.64876891,0.231061861
S_267,5.09999986,104.2999996,286.2999984,25.8125,25.56451613,22.02857143,15.6375,14.9,12.11318681,17.07087912,23.63856031,1162.10001,19.27759563,9.749180328,14.51338798,20.23225806,20.725,104.2999996,24.15392209,21.09404335,0.334397912
S_268,4.899999931,102.1999997,287.6999985,26.0875,25.82903226,21.96703297,15.6125,14.91612903,12.04945055,17.00824176,23.4691014,1160.00001,19.30163934,9.751912568,14.52677596,20.37258065,20.85,102.1999997,24.76464925,21.1437722,0.334397912
S_269,6.900000051,37.10000051,214.2000045,15.925,17.55483871,18.76373626,7.1875,8.15483871,9.614285714,14.18901099,28.23180495,1246.800013,19.12786885,9.759836066,14.44385246,12.85483871,11.55625,37.10000051,51.33406155,19.60527126,0.334397912
S_26x,18.6000003,64.20000055,266.7000015,12.3375,12.53548387,10.19120879,3.6625,3.522580645,1.937362637,6.064285714,15.05838548,1232.299996,15.56311475,5.65,10.60655738,8.029032258,8,64.20000055,23.40123435,16.72202989,1.219714999
S_27,7.899999954,55.7000009,134.9000012,18.6125,16.11935484,13.8021978,8.7125,6.419354839,5.485714286,9.643956044,36.40466248,894.3000034,17.95956284,9.293442623,13.62650273,11.26935484,13.6625,55.7000009,31.82002352,26.41898987,0.790485442
S_270,5.09999986,104.2999996,286.2999984,25.8125,25.56451613,22.02857143,15.6375,14.9,12.11318681,17.07087912,23.63856031,1162.10001,19.27759563,9.749180328,14.51338798,20.23225806,20.725,104.2999996,24.15392209,21.09404335,0.334397912
S_271,6.900000051,37.10000051,214.2000045,15.925,17.55483871,18.76373626,7.1875,8.15483871,9.614285714,14.18901099,28.23180495,1246.800013,19.12786885,9.759836066,14.44385246,12.85483871,11.55625,37.10000051,51.33406155,19.60527126,0.334397912
S_272,14.4000001,38.6999998,146.9999995,13.875,13.99677419,14.93076923,5.025,5.238709677,6.469230769,10.7,35.20408175,840.500002,19.31557377,9.805464481,14.56051913,9.617741935,9.45,38.6999998,42.24151018,29.22131953,0.334397912
S_273,14.4000001,38.6999998,146.9999995,13.875,13.99677419,14.93076923,5.025,5.238709677,6.469230769,10.7,35.20408175,840.500002,19.31557377,9.805464481,14.56051913,9.617741935,9.45,38.6999998,42.24151018,29.22131953,0.334397912
S_274x,10.80000006,103.7999996,285.4999987,24.4375,25.44516129,22.08131868,15.5875,15.14516129,12.3043956,17.19285714,23.81160881,1167.40001,19.24234973,9.740710383,14.49153005,20.29516129,20.0125,103.7999996,24.32076879,20.97955272,0.334397912
S_275,16.8000002,38.6999998,146.9999995,13.575,13.92903226,14.97912088,5.525,5.35483871,6.521978022,10.75054945,35.29005021,840.600002,19.30027322,9.81147541,14.55587432,9.641935484,9.55,38.6999998,42.29360445,29.2123177,0.334397912
S_276,14.3000001,38.5999998,146.9999995,14.3875,14.15806452,14.89450549,5.475,5.277419355,6.443956044,10.66923077,35.15175313,830.4000016,19.33961749,9.807103825,14.57336066,9.717741935,9.93125,38.5999998,42.56682497,29.59219726,0.334397912
S_277,2.799999952,81.59999949,222.6000012,18.3625,18.69032258,21.77252747,8.675,9.680645161,12.43516484,17.10384615,30.44007863,827.1000043,19.63879781,10.04972678,14.8442623,14.18548387,13.51875,81.59999949,24.69824,30.03779732,-0.357964784
S_278,0.100000001,22.40000028,156.3999986,17.025,14.66774194,14.77032967,5.3875,5.24516129,5.92967033,10.35,32.52877267,836.7000035,19.49398907,9.865846995,14.67991803,9.956451613,11.20625,22.40000028,74.23978089,29.49673471,-0.357964784
S_279,0,101.5000017,278.8000027,27.6375,25.53225806,23.90659341,15.3125,14.5,13.12307692,18.51483516,25.56925653,821.2000068,19.43442623,9.773224044,14.60382514,20.01612903,21.475,101.5000017,24.64279792,29.96081945,-0.357964784
S_28,7.899999954,55.7000009,141.5000011,18.3375,16.33548387,13.7043956,8.2875,6.34516129,5.432967033,9.568681319,34.57364164,901.9000033,17.93579235,9.27704918,13.60642077,11.34032258,13.3125,55.7000009,31.92619483,26.17409988,0.790485442
S_280,23.70000076,101.6000017,278.8000027,25.5125,25.20645161,23.83406593,13.6875,14.1483871,12.95714286,18.3956044,25.46234229,823.3000067,19.4,9.724043716,14.56202186,19.67741935,19.6,101.6000017,24.34074126,29.83362281,-0.357964784
S_281,45.50000155,107.1000019,281.3000027,25.25,24.41290323,23.32527473,14.9,14.04516129,12.54725275,17.93626374,24.82782036,840.7000064,19.33497268,9.706010929,14.5204918,19.22903226,20.075,107.1000019,22.74187876,29.16675582,-0.357964784
S_282x,1.399999954,18.29999974,71.20000022,16.55,16.10322581,19.47252747,7.75,8.364516129,10.41318681,14.94285714,87.58025655,1002.200002,18.98087432,10.07240437,14.52663934,12.23387097,12.15,18.29999974,101.2430871,24.47279914,-0.169534817
S_283,1.50000006,16.49999973,69.60000037,16,15.98064516,19.16043956,7.4875,8.387096774,10.21758242,14.68901099,88.68179187,992.2000018,19.00027322,10.0795082,14.53989071,12.18387097,11.74375,16.49999973,112.0352726,24.73280656,-0.169534817
S_284,2.00000006,16.79999973,70.10000037,15.725,15.89354839,19.0989011,7.3375,8.287096774,10.14175824,14.62032967,87.80431362,992.6000018,19.00273224,10.08469945,14.54371585,12.09032258,11.53125,16.79999973,109.5706316,24.72669333,-0.169534817
S_285,21.19999915,29.59999941,89.09999883,19.8,23.24193548,24.2,10.975,12.86129032,13.63406593,18.91703297,81.1364572,755.7999995,18.95355191,9.745901639,14.34972678,18.0516129,15.3875,29.59999941,78.97097805,32.21715638,-0.975822151
S_286,45.79999981,185.6000006,346.4000015,15.75,16.57419355,16.3989011,7.0125,7.622580645,7.245054945,11.82197802,15.74911802,923.2999991,19.15928962,9.894262295,14.52677596,12.0983871,11.38125,185.6000006,9.92165189,26.56425428,-0.975822151
S_287,3.099999905,37.39999908,239.000001,19.45,21.21290323,23.47142857,11.25,12.60645161,14.16703297,18.81923077,30.14563876,880.9000009,19.74754098,10.44863388,15.09808743,16.90967742,15.35,37.39999908,59.95677739,28.49141492,0.033681452
S_288,5.300000191,42.39999926,224.7000008,24.0125,21.83548387,23.45714286,13.475,12.73548387,14.26703297,18.86208791,32.1118022,882.5000011,19.83415301,10.48907104,15.16161202,17.28548387,18.74375,42.39999926,53.6249861,28.51174163,0.033681452
S_289x,0,37.39999908,219.9000006,21.625,21.40645161,23.54945055,12.575,12.57741935,14.28131868,18.91538462,32.87333395,877.4000009,19.79480874,10.46338798,15.12909836,16.99193548,17.1,37.39999908,60.14005452,28.64041296,0.033681452
S_29,28.59999962,80.89999871,251.3999994,14.7375,13.70645161,11.05934066,5.2,5.009677419,3.251648352,7.155494505,17.05995878,1239.300007,15.86912568,6.749180328,11.30915301,9.358064516,9.96875,80.89999871,19.93952462,17.1945073,1.229324222
S_290,62.30000082,81.40000088,232.0000023,11.8125,12.99677419,13.25054945,4.6375,5.458064516,6.186813187,9.718681319,21.2485788,957.5000045,19.60081967,10.37240437,14.98661202,9.227419355,8.225,81.40000088,19.68330267,26.09567823,0.033681452
S_291,47.4000003,123.0000013,260.500003,20.4,22.85483871,20.5,10.6125,13.65806452,10.78681319,15.64340659,24.60979492,901.0000074,19.05054645,10.20737705,14.62896175,18.25645161,15.50625,123.0000013,19.14317144,27.33514045,0.033681452
S_292,37.3000001,99.30000097,175.2000004,18.1375,17.8516129,17.51428571,8.9875,9.232258065,8.852747253,13.18351648,33.08150176,867.0000021,18.64808743,10.21530055,14.43169399,13.54193548,13.5625,99.30000097,19.75578514,28.17957777,0.331135601
S_293,21.6000001,77.59999871,267.8999994,24.6125,24.01290323,23.22747253,15.1375,14.75806452,13.91758242,18.57252747,26.66342622,1170.799994,18.52786885,10.00601093,14.26693989,19.38548387,19.875,77.59999871,31.55531459,20.7268022,0.331135601
S_294,7.600000001,68.40000129,218.7000007,13.3375,13.27741935,15.7043956,6.075,6.474193548,8.107692308,11.90604396,25.04120243,911.7000028,18.42786885,9.973770492,14.20081967,9.875806452,9.70625,68.40000129,24.21419474,26.54471822,0.331135601
S_295,5.300000101,29.80000049,220.5000007,13.9375,13.45806452,15.26373626,7.075,6.538709677,7.767032967,11.51538462,24.39386003,873.0000024,18.47021858,10.01885246,14.24453552,9.998387097,10.50625,29.80000049,55.9216634,27.77151827,0.331135601
S_296,12.10000022,70.0999988,258.3999995,27.8125,24.45806452,23.21648352,16.9375,15.20645161,13.82307692,18.51978022,27.59266667,1175.099994,18.56202186,10,14.28101093,19.83225806,22.375,70.0999988,35.46251223,20.66293171,0.331135601
S_297,9.299999692,43.99999941,121.7000003,13.6,15.90645161,14.31208791,5.9625,7.616129032,6.7,10.50604396,42.12416578,851.000001,18.63060109,10.08469945,14.35765027,11.76129032,9.78125,43.99999941,41.21291697,28.62238572,0.331135601
S_298,37.3000001,98.40000099,164.8000005,18.5125,18.25806452,17.81318681,9.2875,9.193548387,8.952747253,13.38296703,35.47173386,852.9000017,18.66830601,10.20054645,14.43442623,13.72580645,13.9,98.40000099,20.09218935,28.64864132,0.331135601
S_299,37.3000001,99.30000097,175.2000004,18.1375,17.8516129,17.51428571,8.9875,9.232258065,8.852747253,13.18351648,33.08150176,867.0000021,18.64808743,10.21530055,14.43169399,13.54193548,13.5625,99.30000097,19.75578514,28.17957777,0.331135601
S_3,35.59999943,66.49999902,250.5000003,14.475,16.70967742,21.57362637,7.725,9.448387097,12.76703297,17.17032967,27.11609744,879.0999996,18.08961749,9.362295082,13.72595628,13.07903226,11.1,66.49999902,28.91993664,26.98891627,0.790485442
S_300,21.4999995,51.19999922,121.8000003,13.8875,15.79032258,14.26923077,6.5125,7.687096774,6.706593407,10.48791209,42.05236461,851.900001,18.64863388,10.10655738,14.37759563,11.73870968,10.2,51.19999922,35.38059971,28.61556004,0.331135601
S_301,47.4000003,123.0000013,260.500003,20.4,22.85483871,20.5,10.6125,13.65806452,10.78681319,15.64340659,24.60979492,901.0000074,19.05054645,10.20737705,14.62896175,18.25645161,15.50625,123.0000013,19.14317144,27.33514045,0.033681452
S_302,18.09999976,46.69999944,149.2000015,17.4875,16.12580645,14.21098901,8.225,7.680645161,6.695604396,10.4532967,34.27160942,844.8000012,18.69836066,10.1147541,14.40655738,11.90322581,12.85625,46.69999944,39.08342245,28.89033776,0.331135601
S_303,9.099999845,86.69999965,143.8000002,16.85,16.32580645,20.25054945,10.9125,9.722580645,11.17802198,15.71428571,44.70494727,681.1999975,18.71912568,9.733606557,14.22636612,13.02419355,13.88125,86.69999965,22.12925094,35.56424869,0.229646593
S_304,0.500000015,21.50000028,168.3999992,26.4875,25.27096774,23.33516484,15.05,14.77419355,12.8,18.06758242,41.66802635,712.8999993,18.62459016,9.889617486,14.25710383,20.02258065,20.76875,21.50000028,116.3619355,34.02595574,0.229646593
S_305,16.40000023,21.50000028,168.3999992,26.85,24.87419355,23.25604396,15.6625,14.58709677,12.66813187,17.96208791,41.51141337,712.8999993,18.67377049,9.913387978,14.29357923,19.73064516,21.25625,21.50000028,115.2304478,34.07712058,0.229646593
S_306,16.40000023,21.50000028,168.3999992,26.85,24.87419355,23.25604396,15.6625,14.58709677,12.66813187,17.96208791,41.51141337,712.8999993,18.67377049,9.913387978,14.29357923,19.73064516,21.25625,21.50000028,115.2304478,34.07712058,0.229646593
S_307,17.5,49.10000049,134.0999994,24.525,24.1483871,24.58021978,12.6375,13.21290323,14.01978022,19.3,54.62341561,725.2999985,18.73770492,9.758196721,14.24795082,18.68064516,18.58125,49.10000049,48.67531848,33.43161571,0.229646593
S_308,3.799999893,115.2000005,220.0000007,19.3625,18.35483871,18.34505495,10.95,10.55806452,9.30989011,13.82747253,27.07667324,1095.599992,18.54535519,9.899180328,14.22226776,14.45645161,15.15625,115.2000005,17.69059118,22.10867829,0.229646593
S_309,6.200000204,48.3000003,126.199999,23.8125,23.6483871,24.4032967,14.1,13.02903226,14.00879121,19.20604396,57.85666439,712.0999985,18.67185792,9.746721311,14.20928962,18.33870968,18.95625,48.3000003,48.89160792,33.99703647,0.229646593
S_31,18.6000003,64.30000055,266.6000015,11.8125,12.78709677,10.2967033,2.675,3.580645161,1.936263736,6.116483516,15.11298146,1218.999997,15.58278689,5.646448087,10.61461749,8.183870968,7.24375,64.30000055,23.56550474,16.91108904,1.219714999
S_310,16.49999968,86.39999967,151.2000001,15.45,16.00967742,19.92637363,10.3625,9.374193548,11.0010989,15.46373626,42.10273851,688.5999973,18.71830601,9.737431694,14.22786885,12.69193548,12.90625,86.39999967,21.88563647,35.18424186,0.229646593
S_311,18.19999999,49.80000048,134.3999994,24.0625,23.9,24.57472527,12.3625,13.1516129,13.95054945,19.26263736,54.4319894,716.2999983,18.75191257,9.75273224,14.2523224,18.52580645,18.2125,49.80000048,47.73203672,33.85777253,0.229646593
S_312,3.799999893,115.2000005,220.0000007,19.3625,18.35483871,18.34505495,10.95,10.55806452,9.30989011,13.82747253,27.07667324,1095.599992,18.54535519,9.899180328,14.22226776,14.45645161,15.15625,115.2000005,17.69059118,22.10867829,0.229646593
S_313,19.79999983,112.5000006,223.8000007,18.7375,18.84516129,18.11648352,11.225,10.77741935,9.175824176,13.64615385,26.41438089,1103.899992,18.57568306,9.917213115,14.24644809,14.81129032,14.98125,112.5000006,18.37799832,21.96435208,0.229646593
S_314,6.200000204,48.3000003,126.199999,24.6,23.68387097,24.4021978,14.0625,13.13548387,14.00549451,19.20384615,57.85231059,712.1999985,18.6647541,9.753278689,14.20901639,18.40967742,19.33125,48.3000003,49.01404564,33.99187931,0.229646593
S_315,1.600000039,21.50000028,168.3999992,26.6,25.28064516,23.38241758,15.0375,14.60967742,12.73076923,18.05659341,41.6517125,712.8999993,18.66311475,9.890983607,14.27704918,19.94516129,20.81875,21.50000028,116.0618724,34.05393352,0.229646593
S_316,47.40000057,426.9999937,572.499992,10.275,11.89677419,14.59450549,4.175,5.487096774,7.838461538,11.21648352,9.264840092,1042.69999,18.71557377,9.791803279,14.25368852,8.691935484,7.225,426.9999937,3.64777285,23.26046681,0.229646593
S_317,47.40000057,426.9999937,572.499992,9.75,11.78064516,14.5021978,4.2125,5.367741935,7.813186813,11.15769231,9.239167075,1042.69999,18.7079235,9.787978142,14.24795082,8.574193548,6.98125,426.9999937,3.624795249,23.25496408,0.229646593
S_318,2.899999917,111.1000006,220.0000007,20.075,18.88709677,18.56373626,11.4125,10.67741935,9.432967033,13.99835165,27.27085406,1085.099992,18.56885246,9.883333333,14.2260929,14.78225806,15.74375,111.1000006,18.58780876,22.32613867,0.229646593
S_319,47.40000057,426.9999937,572.499992,9.75,11.78064516,14.5021978,4.2125,5.367741935,7.813186813,11.15769231,9.239167075,1042.69999,18.7079235,9.787978142,14.24795082,8.574193548,6.98125,426.9999937,3.624795249,23.25496408,0.229646593
S_32,8.599999942,47.8000005,135.5000012,18.15,16.12580645,13.86373626,9.025,6.325806452,5.552747253,9.708241758,36.36206935,886.1000038,17.96994536,9.306830601,13.63838798,11.22580645,13.5875,47.8000005,37.00306345,26.67688509,0.790485442
S_320,47.40000057,426.9999937,572.499992,10.275,11.89677419,14.59450549,4.175,5.487096774,7.838461538,11.21648352,9.264840092,1042.69999,18.71557377,9.791803279,14.25368852,8.691935484,7.225,426.9999937,3.64777285,23.26046681,0.229646593
S_321,6.399999976,42.20000039,536.1999947,17.075,15.46451613,13.23626374,8.475,7.064516129,6.150549451,9.693406593,9.18193155,1076.899991,18.76748634,9.897540984,14.33251366,11.26451613,12.775,42.20000039,41.98986049,22.59496134,0.229646593
S_322,10.39999998,40.50000058,540.0999947,16.8125,15.50645161,13.25384615,8.3875,7.090322581,6.158241758,9.706043956,9.121479425,1080.899991,18.75901639,9.895355191,14.32718579,11.2983871,12.6,40.50000058,43.82208818,22.50641687,0.229646593
S_323,56.89999962,94.69999956,169.7000001,19.825,16.38709677,14.58681319,8.9875,7.332258065,6.398901099,10.49285714,30.18983078,825.2000017,17.98661202,9.419125683,13.70286885,11.85967742,14.40625,94.69999956,19.23513123,28.72378672,-0.519080937
S_324,0.300000004,27.49999975,343.3000022,15.4625,14.19032258,14.1,5.925,6.219354839,6.797802198,10.4489011,14.8914222,901.9000028,19.5942623,10.7942623,15.1942623,10.20483871,10.69375,27.49999975,61.22433544,27.93465153,-0.266561627
S_325,40.09999919,76.19999845,279.9000013,21.4,22.48064516,19.75824176,10.8375,12.00322581,10.17802198,14.96813187,22.3009394,960.7999938,17.6715847,9.213114754,13.44234973,17.24193548,16.11875,76.19999845,29.79095184,24.39878214,-0.519080937
S_326,13.39999972,42.30000008,172.0000007,12.4125,13.68709677,16.14945055,5.525,6.167741935,8.513186813,12.33131868,32.45831191,920.8999994,18.13114754,9.516120219,13.82363388,9.927419355,8.96875,42.30000008,39.25654496,25.86994668,-0.519080937
S_327,4.000000052,16.90000012,142.7999996,15.6625,13.20645161,13.27582418,5.9375,5.377419355,6.01978022,9.647802198,34.39741291,846.1000004,18.11311475,9.473497268,13.79330601,9.291935484,10.8,16.90000012,95.12408122,28.12115116,-0.519080937
S_328,47.09999943,84.89999937,159.8999999,19.85,16.32258065,14.54395604,8.7625,7.332258065,6.379120879,10.46153846,31.99114834,815.4000015,17.98907104,9.42431694,13.70669399,11.82741935,14.30625,84.89999937,21.42377937,29.07369873,-0.519080937
S_329,56.89999962,94.69999956,169.7000001,19.825,16.38709677,14.58681319,8.9875,7.332258065,6.398901099,10.49285714,30.18983078,825.2000017,17.98661202,9.419125683,13.70286885,11.85967742,14.40625,94.69999956,19.23513123,28.72378672,-0.519080937
S_33,18.19999991,60.19999991,166.9,13.3875,11.59677419,12.35384615,4.1,4.706451613,5.720879121,9.037362637,28.51612139,876.2000021,17.7568306,9.185245902,13.47103825,8.151612903,8.74375,60.19999991,25.12581238,26.78730677,0.790485442
S_330,2.299999952,76.19999845,279.9000013,22.1,22.53548387,19.77912088,11.525,12.27741935,10.23846154,15.00879121,22.33725535,960.7999938,17.67213115,9.209016393,13.44057377,17.40645161,16.8125,76.19999845,29.97086167,24.39693372,-0.519080937
S_331,26.10000038,91.39999961,168.1,20.7375,16.6,14.7021978,8.625,7.229032258,6.440659341,10.57142857,30.59403415,825.2000017,17.97978142,9.417213115,13.69849727,11.91451613,14.68125,91.39999961,19.97961309,28.71848912,-0.519080937
S_332,12.39999995,32.40000032,162.0000009,12.6875,13.9483871,16.47032967,5.8125,6.232258065,8.645054945,12.55769231,34.81125337,919.3999999,18.14836066,9.522677596,13.83551913,10.09032258,9.25,32.40000032,51.67057297,25.92508063,-0.519080937
S_333,2.299999908,18.4,144.8999995,14.45,13.28387097,13.14945055,6.0125,5.332258065,5.908791209,9.529120879,33.69413552,820.9000008,18.1273224,9.498087432,13.81270492,9.308064516,10.23125,18.4,87.44244654,29.00804592,-0.519080937
S_334,23.89999983,44.50000025,186.1999993,18.775,20.40322581,23.2043956,10.2875,11.67741935,13.67362637,18.43901099,38.18341983,974.7999951,18.06939891,9.504918033,13.78715847,16.04032258,14.53125,44.50000025,48.76269816,24.40209129,-0.519080937
S_335,40.09999919,76.39999845,279.9000013,21.95,22.18387097,19.6967033,12.15,11.83548387,10.12527473,14.91098901,22.24990076,960.7999938,17.66967213,9.219945355,13.44480874,17.00967742,17.05,76.39999845,29.45963959,24.40134148,-0.519080937
S_336,13.39999972,42.30000008,172.0000007,12.4125,13.68709677,16.14945055,5.525,6.167741935,8.513186813,12.33131868,32.45831191,920.8999994,18.13114754,9.516120219,13.82363388,9.927419355,8.96875,42.30000008,39.25654496,25.86994668,-0.519080937
S_338,6.099999957,18.4,144.8999995,14.3875,13.2516129,13.20989011,5.8875,5.35483871,5.941758242,9.575824176,33.77471401,846.4000003,18.1079235,9.483879781,13.79590164,9.303225806,10.1375,18.4,87.42053297,28.11425051,-0.519080937
S_339,26.10000038,91.39999961,168.1,20.7375,16.6,14.7021978,8.625,7.229032258,6.440659341,10.57142857,30.59403415,825.2000017,17.97978142,9.417213115,13.69849727,11.91451613,14.68125,91.39999961,19.97961309,28.71848912,-0.519080937
S_34,18.6000003,61.90000045,265.9000015,12.3625,13.02258065,10.41098901,2.2375,3.648387097,1.985714286,6.198351648,15.22974009,1216.799997,15.59508197,5.652459016,10.62377049,8.335483871,7.3,61.90000045,24.68329337,16.94918684,1.219714999
S_340,18.70000005,52.50000008,259.4999959,13.2125,14.83225806,15.24175824,4.225,5.925806452,6.710989011,10.97637363,20.20845275,1012.900001,19.40601093,9.777322404,14.59166667,10.37903226,8.71875,52.50000008,32.34637629,24.27847433,0.077037387
S_341,32.30000019,50.30000003,257.2999959,13.175,14.81290323,15.30769231,4.8,5.961290323,6.76043956,11.03406593,20.43729719,1010.700001,19.42131148,9.783060109,14.60218579,10.38709677,8.9875,50.30000003,33.77448853,24.34172927,0.077037387
S_342,1.800000004,124.4000022,227.0000038,15.8125,14.09677419,14.77692308,7.4375,6.729032258,7.457142857,11.11703297,23.25664385,986.7999993,18.67349727,9.989617486,14.33155738,10.41290323,11.625,124.4000022,13.67369129,24.65703019,0.095522016
S_343,2.899999917,60.09999926,196.0999986,26.375,21.78709677,18.24835165,14.5625,11.40645161,8.564835165,13.40659341,29.84012439,962.3999981,19.00628415,10.10409836,14.55519126,16.59677419,20.46875,60.09999926,36.87702531,25.51453793,0.095522016
S_344,46.49999834,93.49999812,274.7999969,21.525,24.90645161,22.67142857,12.4,14.39677419,12.67692308,17.67417582,25.17665224,891.3999945,18.64071038,9.802459016,14.2215847,19.6516129,16.9625,93.49999812,26.42640591,27.17252058,0.095522016
S_345,5.999999963,92.59999802,265.3999965,21.75,24.38387097,22.63516484,12.475,14.34193548,12.64175824,17.63846154,26.03472297,890.3999946,18.62404372,9.780874317,14.20245902,19.36290323,17.1125,92.59999802,26.42344253,27.18155791,0.095522016
S_346,1.800000004,124.3000022,227.0000038,16.1375,14.28387097,14.78131868,6.9875,6.625806452,7.41978022,11.10054945,23.2384902,986.1999993,18.68224044,9.995355191,14.33879781,10.45483871,11.5625,124.3000022,13.71280515,24.67937318,0.095522016
S_347,44.69999839,92.29999819,275.0999968,23.6875,24.98064516,22.70659341,12.975,14.31290323,12.66153846,17.68406593,25.15818453,890.1999946,18.6489071,9.816666667,14.23278689,19.64677419,18.33125,92.29999819,26.76560934,27.22173335,0.095522016
S_348,2.899999917,60.09999926,196.0999986,26.375,21.78709677,18.24835165,14.5625,11.40645161,8.564835165,13.40659341,29.84012439,962.3999981,19.00628415,10.10409836,14.55519126,16.59677419,20.46875,60.09999926,36.87702531,25.51453793,0.095522016
S_349,12.5,79.90000019,219.3,19.5625,17.58709677,14.94175824,7.1,7.612903226,6.541758242,10.74175824,23.64541523,936.1999989,19.02814208,9.962568306,14.49535519,12.6,13.33125,79.90000019,23.57018768,26.16466056,-0.328930527
S_35,22.1,60.99999993,166.9,12.3125,11.38709677,12.32857143,4.225,4.74516129,5.77032967,9.049450549,28.5342279,879.4000022,17.73770492,9.18442623,13.46106557,8.066129032,8.26875,60.99999993,24.67951695,26.6784916,0.790485442
S_350,13.90000021,18.40000033,110.4000005,21.325,23.59354839,24.9043956,12.1875,13.69032258,14.37692308,19.64065934,67.12105798,826.2000014,19.56612022,10.35874317,14.96243169,18.64193548,16.75625,18.40000033,129.7137196,30.21354593,-0.328930527
S_351,1.300000027,239.4999997,347.3999999,11.95,12.00645161,15.67582418,5.9625,6.593548387,8.432967033,12.0543956,15.87103887,1031.700002,19.03360656,10.02103825,14.5273224,9.3,8.95625,239.4999997,6.715110656,23.7736962,-0.328930527
S_352,6.800000191,18.40000033,110.0000005,22.3,23.98064516,24.75054945,12.1875,13.66129032,14.40989011,19.58021978,67.22777192,806.0000011,19.61830601,10.3715847,14.99494536,18.82096774,17.24375,18.40000033,130.5245217,31.01109841,-0.328930527
S_353,12.5,79.90000019,219.3,19.5625,17.58709677,14.94175824,7.1,7.612903226,6.541758242,10.74175824,23.64541523,936.1999989,19.02814208,9.962568306,14.49535519,12.6,13.33125,79.90000019,23.57018768,26.16466056,-0.328930527
S_354,1.300000027,239.4999997,347.3999999,11.95,12.00645161,15.67582418,5.9625,6.593548387,8.432967033,12.0543956,15.87103887,1031.700002,19.03360656,10.02103825,14.5273224,9.3,8.95625,239.4999997,6.715110656,23.7736962,-0.328930527
S_355,13.90000021,18.40000033,110.4000005,21.325,23.59354839,24.9043956,12.1875,13.69032258,14.37692308,19.64065934,67.12105798,826.2000014,19.56612022,10.35874317,14.96243169,18.64193548,16.75625,18.40000033,129.7137196,30.21354593,-0.328930527
S_356,12.5,79.90000019,219.3,20.0125,17.30322581,14.83406593,7.6875,7.519354839,6.503296703,10.66868132,23.56210821,936.1999989,19.00054645,9.967213115,14.48387978,12.41129032,13.85,79.90000019,23.37337695,26.15240313,-0.328930527
S_357,5.599999905,79.80000019,219.3,19.4625,17.73870968,14.99230769,6.4,7.632258065,6.582417582,10.78736264,23.69740383,934.099999,19.01502732,9.955737705,14.48538251,12.68548387,12.93125,79.80000019,23.68898955,26.21280649,-0.328930527
S_358,1.300000027,239.4999997,347.3999999,11.95,12.00645161,15.67582418,5.9625,6.593548387,8.432967033,12.0543956,15.87103887,1031.700002,19.03360656,10.02103825,14.5273224,9.3,8.95625,239.4999997,6.715110656,23.7736962,-0.328930527
S_359,12.5,79.90000019,219.3,20.0125,17.30322581,14.83406593,7.6875,7.519354839,6.503296703,10.66868132,23.56210821,936.1999989,19.00054645,9.967213115,14.48387978,12.41129032,13.85,79.90000019,23.37337695,26.15240313,-0.328930527
S_36,18.6000003,61.90000045,265.9000015,12.3625,13.02258065,10.41098901,2.2375,3.648387097,1.985714286,6.198351648,15.22974009,1216.799997,15.59508197,5.652459016,10.62377049,8.335483871,7.3,61.90000045,24.68329337,16.94918684,1.219714999
S_360,13.90000021,18.40000033,110.4000005,21.325,23.59354839,24.9043956,12.1875,13.69032258,14.37692308,19.64065934,67.12105798,826.2000014,19.56612022,10.35874317,14.96243169,18.64193548,16.75625,18.40000033,129.7137196,30.21354593,-0.328930527
S_361,12.5,79.90000019,219.3,20.0125,17.30322581,14.83406593,7.6875,7.519354839,6.503296703,10.66868132,23.56210821,936.1999989,19.00054645,9.967213115,14.48387978,12.41129032,13.85,79.90000019,23.37337695,26.15240313,-0.328930527
S_362,86.6000002,184.6000012,203.200001,14.5375,16.75806452,20.98131868,7.75,8.719354839,10.99230769,15.98681319,31.97196489,756.5000019,19.42814208,9.344808743,14.38647541,12.73870968,11.14375,184.6000012,10.26444564,32.23592247,0.259270638
S_363,86.6000002,184.6000012,203.200001,14.5375,16.75806452,20.98131868,7.75,8.719354839,10.99230769,15.98681319,31.97196489,756.5000019,19.42814208,9.344808743,14.38647541,12.73870968,11.14375,184.6000012,10.26444564,32.23592247,0.259270638
S_364,5.800000146,261.7999984,375.1999984,19.925,20.73225806,23.06593407,10.85,13.42580645,14.06043956,18.56318681,19.03197424,1413.999996,18.49726776,10.03251366,14.26489071,17.07903226,15.3875,261.7999984,8.619158792,17.16046024,0.088675931
S_365,4.000000112,254.6999982,376.0999984,18.975,20.22903226,23.06483516,10.7375,12.73870968,14.07142857,18.56813187,18.98971815,1414.899996,18.49289617,10.03196721,14.26243169,16.48387097,14.85625,254.6999982,8.664707434,17.14780674,0.088675931
S_366,15.09999985,64.40000016,243.900003,18.4125,17.63225806,15.64835165,8.0375,8.016129032,6.828571429,11.23846154,21.76964051,1246.999992,18.53278689,9.877595628,14.20519126,12.82419355,13.225,64.40000016,29.53323049,19.4107389,0.088675931
S_367,72.70000011,97.30000014,175.6000001,11.8125,14.91612903,18.20659341,6.8875,8.370967742,10.41318681,14.30989011,34.60975242,680.6999978,19.47295082,9.997814208,14.73538251,11.64354839,9.35,97.30000014,18.53604198,36.33815571,0.370743811
S_368,62.59999973,97.30000014,175.6000001,11.675,14.68387097,18.11208791,6.5,8.183870968,10.37032967,14.24120879,34.5119715,680.4999978,19.47868852,9.98989071,14.73428962,11.43387097,9.0875,97.30000014,18.35646932,36.34722953,0.370743811
S_369,12.4999999,38.9999994,370.1000005,16.7,17.2516129,14.39120879,7.9,7.361290323,6.531868132,10.46153846,13.82162823,940.1000008,19.42486339,10.01448087,14.71967213,12.30645161,12.3,38.9999994,47.66145235,26.29472621,0.370743811
S_37,3.000000097,59.99999991,166.9,14.7,11.72258065,12.44175824,4.55,4.8,5.707692308,9.074725275,28.57208699,876.1000021,17.77759563,9.18715847,13.48237705,8.261290323,9.625,59.99999991,25.36188875,26.80330669,0.790485442
S_370,4.799999967,92.00000163,207.1000009,15.6375,18.8516129,22.75384615,8.8125,10.79032258,13.12967033,17.94175824,33.7297901,901.8999942,19.29453552,9.943715847,14.61912568,14.82096774,12.225,92.00000163,22.48186093,27.29695736,-0.49850139
S_371,12.99999976,49.39999977,310.3000007,21.1625,23.89354839,23.56153846,12.825,15.06774194,14.39450549,18.97802198,23.34677886,1290.8,19.12978142,10.58469945,14.85724044,19.48064516,16.99375,49.39999977,49.72919378,19.25723617,0.217821345
S_372,16.79999998,112.3000009,308.0999991,21.4625,21.59354839,19.95824176,12.05,11.69677419,10.26923077,15.11373626,20.37791004,1301.499999,18.50327869,10.10081967,14.30204918,16.64516129,16.75625,112.3000009,19.77151623,18.67233899,0.793479562
S_373,1.399999954,173.5999981,391.0000004,14.6625,13.50645161,15.36593407,6.7875,6.790322581,8.316483516,11.84120879,13.96496724,1070.800005,18.27759563,9.929508197,14.10355191,10.1483871,10.725,173.5999981,9.671458038,22.50985413,0.793479562
S_374,37.19999921,133.1000001,328.8999983,21.3375,21.31935484,19.94505495,12.325,11.64516129,10.28021978,15.11263736,19.08835321,1321.699999,18.49754098,10.09562842,14.2965847,16.48225806,16.83125,133.1000001,16.5797638,18.38282873,0.793479562
S_375,11.49999976,51.80000013,312.1999987,17.0125,16.60967742,14.8956044,8.025,7.216129032,6.607692308,10.75164835,16.61727133,1217.200003,18.5852459,10.15655738,14.37090164,11.91290323,12.51875,51.80000013,35.25100813,20.02210121,0.793479562
S_376,0.300000004,173.7999981,390.7000004,15.1875,13.54193548,15.31208791,6.35,6.558064516,8.243956044,11.77802198,13.93525848,1071.000005,18.28879781,9.938251366,14.11352459,10.05,10.76875,173.7999981,9.613156033,22.51496216,0.793479562
S_377,1.800000004,55.50000069,180.0000002,23,21.42580645,20.64285714,13.35,11.69032258,10.76263736,15.70274725,35.69826003,1093.199993,18.58907104,10.00846995,14.29877049,16.55806452,18.175,55.50000069,39.87537818,22.22719598,0.217821345
S_378,1.299999952,174.399998,390.9000004,14.5625,13.4516129,15.55384615,7.4875,6.922580645,8.489010989,12.02142857,14.08379928,1075.700005,18.25601093,9.922131148,14.08907104,10.18709677,11.025,174.399998,9.64558941,22.39385602,0.793479562
S_379,1.799999952,174.399998,390.9000004,14.8875,13.44516129,15.62857143,7.4125,6.964516129,8.528571429,12.07857143,14.12034498,1084.500005,18.24726776,9.921311475,14.08428962,10.20483871,11.15,174.399998,9.654066677,22.20773582,0.793479562
S_38,76.09999853,275.9999959,409.6999956,18.4,16.49677419,16.26373626,10.3,9.174193548,7.60989011,11.93681319,13.38590031,1101.299997,17.91120219,9.440983607,13.6760929,12.83548387,14.35,275.9999959,6.894496011,21.49831378,0.790485442
S_380,0.300000004,27.49999975,343.3000022,16.0875,14.39354839,14.10989011,6.1875,6.251612903,6.73956044,10.42472527,14.87381674,901.5000028,19.60737705,10.79234973,15.19986339,10.32258065,11.1375,27.49999975,61.58111492,27.95325936,-0.266561627
S_39x,18.6000003,64.20000055,266.7000015,12.3375,12.53548387,10.19120879,3.6625,3.522580645,1.937362637,6.064285714,15.05838548,1232.299996,15.56311475,5.65,10.60655738,8.029032258,8,64.20000055,23.40123435,16.72202989,1.219714999
S_4,82.69999826,170.4999995,233.8999995,13.4375,13.02258065,16.87912088,8.325,6.274193548,7.718681319,12.2989011,23.83379772,1028.600006,15.69508197,6.601912568,11.14849727,9.648387097,10.88125,170.4999995,9.602933145,20.56046777,1.229324222
S_40,34.29999963,85.09999852,264.9999992,13.6875,13.60322581,10.8989011,4.9625,5.196774194,3.26043956,7.07967033,16.11289658,1239.200007,15.90710383,6.758743169,11.3329235,9.4,9.325,85.09999852,18.99649857,17.21507697,1.229324222
S_41x,34.29999963,85.09999852,264.9999992,13.6875,13.60322581,10.8989011,4.9625,5.196774194,3.26043956,7.07967033,16.11289658,1239.200007,15.90710383,6.758743169,11.3329235,9.4,9.325,85.09999852,18.99649857,17.21507697,1.229324222
S_42x,4.100000001,51.90000094,138.1000011,16.95,16.14516129,13.54835165,7.6,6.190322581,5.371428571,9.45989011,35.22789636,898.3000034,17.90983607,9.266120219,13.58797814,11.16774194,12.275,51.90000094,33.9866648,26.25846382,0.790485442
S_43x,3.000000097,59.99999991,166.9,14.7,11.72258065,12.44175824,4.55,4.8,5.707692308,9.074725275,28.57208699,876.1000021,17.77759563,9.18715847,13.48237705,8.261290323,9.625,59.99999991,25.36188875,26.80330669,0.790485442
S_44x,28.49999962,80.89999871,227.9999998,15.3375,13.8,11.20879121,5.925,5.025806452,3.286813187,7.247802198,18.91206383,1239.300007,15.85546448,6.744262295,11.29986339,9.412903226,10.63125,80.89999871,19.99601053,17.18701144,1.229324222
S_45,13.90000011,122.500001,263.7000022,26.3375,24.09032258,22.50549451,18.4375,14.96774194,12.2043956,17.35494505,25.93377401,930.7999984,18.2295082,9.592896175,13.91120219,19.52903226,22.3875,122.500001,20.08697338,25.68887218,0.790485442
S_46,12.80000015,121.100001,266.6000024,27.2125,24.32903226,22.45714286,18.5,14.96451613,12.08461538,17.27087912,25.57284216,929.3999985,18.23333333,9.578961749,13.90614754,19.64677419,22.85625,121.100001,20.400212,25.72212996,0.790485442
S_47,65.30000067,79.70000023,297.3000021,25.4625,24.16774194,24.34725275,15.4625,13.98709677,13.93296703,19.14010989,24.50396038,923.7000001,18.25956284,9.48442623,13.87199454,19.07741935,20.4625,79.70000023,30.4017735,25.84388279,0.790485442
S_48,10.09999998,110.1000008,264.7000023,28.8375,24.51935484,22.09010989,17.5625,14.67419355,11.84725275,16.96868132,25.47098704,926.9999985,18.23060109,9.541530055,13.88606557,19.59677419,23.2,110.1000008,22.40053747,25.76706107,0.790485442
S_49,40.50000143,98.30000252,288.7000036,26.5,24.38064516,24.32417582,15.2625,13.99032258,13.89120879,19.10769231,25.20582953,920.9000008,18.25846995,9.474863388,13.86666667,19.18548387,20.88125,98.30000252,24.74085767,25.91667569,0.790485442
S_5,19.60000012,94.30000109,154.6000012,12.0875,13.48064516,17.52527473,5.2625,5.748387097,7.901098901,12.71318681,36.72895639,955.6000077,15.61010929,6.495901639,11.05300546,9.614516129,8.675,94.30000109,17.33274242,22.03119014,1.229324222
S_50,18.00000007,118.0000009,270.8000025,28.5625,24.53225806,22.2,18.2,14.80645161,11.92967033,17.06483516,24.98599974,934.5999986,18.21420765,9.553005464,13.88360656,19.66935484,23.38125,118.0000009,20.95209593,25.55489685,0.790485442
S_51,2.599999905,67.90000099,251.7000021,27.0125,24.60967742,24.38791209,14.7125,13.97419355,13.82087912,19.1043956,28.90782217,888.8999994,18.27185792,9.477595628,13.87472678,19.29193548,20.8625,67.90000099,35.94840866,26.85873191,0.790485442
S_52,13.90000041,67.2000002,106.6999997,18.275,15.44193548,14.68131868,7.05,4.880645161,4.649450549,9.665384615,46.07634646,823.2999989,18.71010929,8.72431694,13.71721311,10.16129032,12.6625,67.2000002,25.00059997,28.80749805,0.051488027
S_53x,113.9999985,127.9999986,369.0999988,17.35,20.76129032,22.12087912,9.1125,10.31612903,12.36263736,17.24175824,18.45147543,1041.3,18.94098361,9.287978142,14.11448087,15.53870968,13.23125,127.9999986,16.62609923,23.15805327,0.051488027
S_54,20.8000006,74.3000001,106.6999997,17.275,14.96774194,14.65604396,5.825,4.977419355,4.636263736,9.646153846,46.03128842,837.8999993,18.7079235,8.730054645,13.71898907,9.972580645,11.55,74.3000001,22.39993463,28.30766093,0.051488027
S_55,5.999999955,98.10000079,192.9000009,21.025,18.69677419,17.20549451,9.6375,9.109677419,6.603296703,11.9043956,28.38827825,854.1000005,18.72404372,8.692896175,13.70846995,13.90322581,15.33125,98.10000079,20.30434037,27.75842399,0.051488027
S_56,5.999999955,98.10000079,192.9000009,21.025,18.69677419,17.20549451,9.6375,9.109677419,6.603296703,11.9043956,28.38827825,854.1000005,18.72404372,8.692896175,13.70846995,13.90322581,15.33125,98.10000079,20.30434037,27.75842399,0.051488027
S_57,24.90000051,71.90000001,104.2999996,16.5125,15.02258065,14.67582418,5.15,5,4.649450549,9.662637363,47.13000344,879.4000007,18.69672131,8.736612022,13.71666667,10.01129032,10.83125,71.90000001,23.19250101,26.96914561,0.051488027
S_58,24.8000005,71.7,104.0999996,15.4375,15.08387097,14.66153846,5.15,5.167741935,4.672527473,9.667032967,47.2311072,879.2000007,18.69508197,8.743715847,13.71939891,10.12580645,10.29375,71.7,23.39028524,26.97838818,0.051488027
S_59,5.699999809,26.79999998,235.5999987,18.675,16.58709677,18.93626374,8.875,7.180645161,9.350549451,14.14340659,25.61906486,1036.2,18.92349727,9.239071038,14.08128415,11.88387097,13.775,26.79999998,68.04414063,23.23999629,0.051488027
S_6,20.19999973,50.79999933,241.7000006,15.1125,17.18709677,21.87802198,7.65,9.561290323,12.87252747,17.37527473,28.31534408,862.7999999,18.13005464,9.365846995,13.74795082,13.37419355,11.38125,50.79999933,38.34196012,27.52428236,0.790485442
S_60,5.499999821,18.89999978,102.5999991,13.5375,13.07741935,14.06373626,3.45,3.641935484,5.121978022,9.592857143,47.74088041,989.4999985,18.80382514,9.015846995,13.90983607,8.359677419,8.49375,18.89999978,80.94772153,24.16355341,0.051488027
S_61,5.799999833,19.19999979,102.8999991,14.1,13.19354839,14.01648352,3.35,3.706451613,5.050549451,9.533516484,47.45752347,989.7999985,18.80081967,9.005464481,13.90314208,8.45,8.725,19.19999979,80.07492273,24.14946667,0.051488027
S_62,0.400000006,25.69999963,198.799998,18.1,14.83225806,16.28461538,6.6875,5.129032258,7.042857143,11.66373626,27.24312938,1028.099999,19.05519126,9.223770492,14.13948087,9.980645161,12.39375,25.69999963,64.78549359,23.47970129,0.051488027
S_63,0.400000006,25.69999963,198.799998,18.1,14.83225806,16.28461538,6.6875,5.129032258,7.042857143,11.66373626,27.24312938,1028.099999,19.05519126,9.223770492,14.13948087,9.980645161,12.39375,25.69999963,64.78549359,23.47970129,0.051488027
S_64,2.299999982,27.59999961,101.7999995,17.1125,14.86451613,16.28241758,6.1125,5.112903226,6.971428571,11.62692308,53.11130445,1029.999999,19.05519126,9.225136612,14.14016393,9.988709677,11.6125,27.59999961,60.34997106,23.43705239,0.051488027
S_65,5.499999821,18.89999978,102.5999991,13.5375,13.07741935,14.06373626,3.45,3.641935484,5.121978022,9.592857143,47.74088041,989.4999985,18.80382514,9.015846995,13.90983607,8.359677419,8.49375,18.89999978,80.94772153,24.16355341,0.051488027
S_66,5.199999817,20.79999973,102.1999991,13.475,13.00322581,14.16263736,3.4125,3.506451613,5.178021978,9.67032967,48.11724523,989.1999985,18.81420765,9.019125683,13.91666667,8.25483871,8.44375,20.79999973,73.13344853,24.1777868,0.051488027
S_67,0.300000004,30.89999995,105.3000006,15.35,13.98387097,15.71868132,5.4875,5.506451613,7.058241758,11.38846154,50.77982294,903.0000021,18.58306011,9.425409836,14.00423497,9.74516129,10.41875,30.89999995,53.24803537,26.58276292,0.483647496
S_68,23.3,41.30000005,112.6000008,14.4875,13.51290323,15.75164835,5.7625,5.364516129,7.210989011,11.48131868,47.69386886,904.2000021,18.55464481,9.409016393,13.9818306,9.438709677,10.125,41.30000005,39.22100909,26.52270576,0.483647496
S_69,42.39999878,69.39999849,163.9999985,15.875,16.57741935,15.07032967,7.6375,6.9,5.883516484,10.47692308,31.21482205,938.3000018,18.89863388,9.647814208,14.27322404,11.73870968,11.75625,69.39999849,26.10211407,25.86936374,0.483647496
S_7,12.5000001,78.49999971,227.2999985,12.4,12.66129032,15.01648352,3.9125,6.309677419,8.002197802,11.50934066,23.65743599,847.6000022,17.93442623,9.234153005,13.58428962,9.485483871,8.15625,78.49999971,20.68439971,27.82478711,0.790485442
S_70,20.39999962,32.69999973,133.8999998,17.2875,16.89354839,14.88021978,7.2125,6.54516129,5.674725275,10.27747253,37.85935878,911.5000034,18.88142077,9.595355191,14.23838798,11.71935484,12.25,32.69999973,55.34782426,26.59175852,0.483647496
S_71,38.8999989,64.29999859,169.2999987,16.1375,16.8516129,15.01318681,6.8125,6.825806452,5.830769231,10.42197802,30.15649466,938.2000019,18.90218579,9.646721311,14.27445355,11.83870968,11.475,64.29999859,28.30201738,25.87343157,0.483647496
S_72,39.1999985,64.89999799,171.4999973,15.9375,16.62903226,14.78241758,6.7125,6.7,5.717582418,10.25,29.51895091,946.2999989,18.71584699,9.516393443,14.11612022,11.66451613,11.325,64.89999799,27.81670547,25.48464572,0.474809766
S_73,15.39999962,76.59999892,295.3999996,18.125,17.79354839,15.33846154,6.525,6.816129032,5.271428571,10.30494505,17.18427986,1265.799997,15.28606557,5.551912568,10.41898907,12.30483871,12.325,76.59999892,24.26452005,16.13129177,1.219714999
S_74,8.999999762,138.8999994,268.5999989,21.6125,21.78709677,20.84065934,11.8875,12.00322581,11.23296703,16.03681319,24.23381729,1007.4,18.09262295,9.896721311,13.99467213,16.89516129,16.75,138.8999994,16.13516055,23.81841585,0.029878087
S_75,17.29999995,138.8999994,280.0999989,20.4625,21.59677419,20.7021978,11.875,11.89354839,11.16703297,15.93461538,23.14763967,1007.6,18.08770492,9.905464481,13.9965847,16.74516129,16.16875,138.8999994,16.04517135,23.81558624,0.029878087
S_76,13.10000002,57.29999996,175.8000019,18.925,15.4483871,14.13846154,7.9625,6.616129032,6.083516484,10.11098901,28.59924458,891.9000025,18.6,9.912568306,14.25628415,11.03225806,13.44375,57.29999996,30.58670272,27.19619249,-0.356168866
S_77,8.999999762,138.8999994,266.499999,23.375,22.44516129,21.05054945,12.7,12.14193548,11.32527473,16.18791209,24.56652175,1000.6,18.13743169,9.905737705,14.0215847,17.29354839,18.0375,138.8999994,16.37416413,24.0071804,0.029878087
S_78,8.999999762,138.8999994,268.5999989,21.6125,21.78709677,20.84065934,11.8875,12.00322581,11.23296703,16.03681319,24.23381729,1007.4,18.09262295,9.896721311,13.99467213,16.89516129,16.75,138.8999994,16.13516055,23.81841585,0.029878087
S_79,53.3999995,114.6999999,326.4999993,16.075,18.2516129,15.48241758,8.0375,9.322580645,7.695604396,11.58901099,16.53063632,1145.599999,19.04863388,10.62568306,14.83715847,13.78709677,12.05625,114.6999999,17.28141915,21.68048052,0.507020235
S_8,31.10000039,84.00000032,221.4000001,9.775,11.78064516,14.29010989,4.2125,6.883870968,8.232967033,11.26153846,24.00806058,845.2999991,17.31147541,9.26284153,13.28715847,9.332258065,6.99375,84.00000032,19.17806022,27.54898674,0.808732569
S_80,3.00000003,137.2999995,423.3999982,18.95,19.92580645,21.77362637,10.525,12.39354839,13.17142857,17.47252747,16.22137907,1131.899997,17.94344262,9.869398907,13.90642077,16.15967742,14.7375,137.2999995,15.87680938,21.12061209,0.029878087
S_81,0.100000001,113.4999969,380.399996,19.6,18.56451613,20.50659341,9.9625,10.1483871,12.22197802,16.36428571,17.32668638,1190.499995,17.90956284,9.763387978,13.83647541,14.35645161,14.78125,113.4999969,17.88214245,20.02223898,0.029878087
S_82,0.100000001,113.4999969,380.399996,19.6,18.56451613,20.50659341,9.9625,10.1483871,12.22197802,16.36428571,17.32668638,1190.499995,17.90956284,9.763387978,13.83647541,14.35645161,14.78125,113.4999969,17.88214245,20.02223898,0.029878087
S_83,0.100000001,113.4999969,380.399996,19.6,18.56451613,20.50659341,9.9625,10.1483871,12.22197802,16.36428571,17.32668638,1190.499995,17.90956284,9.763387978,13.83647541,14.35645161,14.78125,113.4999969,17.88214245,20.02223898,0.029878087
S_84,0.100000001,113.4999969,380.399996,19.6,18.56451613,20.50659341,9.9625,10.1483871,12.22197802,16.36428571,17.32668638,1190.499995,17.90956284,9.763387978,13.83647541,14.35645161,14.78125,113.4999969,17.88214245,20.02223898,0.029878087
S_85,0.100000001,113.4999969,376.1999962,18.2875,18.44516129,20.45934066,9.075,9.987096774,12.12197802,16.29065934,17.47119857,1190.399995,17.89918033,9.738797814,13.81898907,14.21612903,13.68125,113.4999969,17.77911971,20.00923149,0.029878087
S_86x,40.49999953,51.49999976,212.699997,13.2125,15.12903226,17.36703297,7.225,8.651612903,9.505494505,13.43626374,27.54614958,1186.499996,18.01666667,9.780327869,13.89849727,11.89032258,10.21875,51.49999976,35.41981726,20.1420121,0.029878087
S_87x,40.29999954,51.09999976,212.599997,12.8125,15.1483871,17.42417582,8.025,8.716129032,9.614285714,13.51923077,27.65666874,1199.199996,17.99726776,9.770765027,13.88401639,11.93225806,10.41875,51.09999976,35.76546132,19.91662482,0.029878087
S_88,40.29999954,51.09999976,212.599997,12.8125,15.1483871,17.42417582,8.025,8.716129032,9.614285714,13.51923077,27.65666874,1199.199996,17.99726776,9.770765027,13.88401639,11.93225806,10.41875,51.09999976,35.76546132,19.91662482,0.029878087
S_89,9.300000146,76.20000027,140.6999998,18.5875,15.71935484,14.32637363,9.2125,6.741935484,5.748351648,10.03736264,35.60298982,943.299995,17.75601093,9.303278689,13.52964481,11.23064516,13.9,76.20000027,23.21718707,24.94396791,0.029878087
S_9,41.50000001,84.10000032,224.9000001,9.15,11.79677419,14.28571429,5.15,7.067741935,8.323076923,11.3043956,23.68207603,845.4999991,17.31693989,9.276502732,13.29672131,9.432258065,7.15,84.10000032,19.25434076,27.55378041,0.808732569
S_90,13.60000034,71.60000084,136.8000001,18.5875,15.77741935,14.4010989,9.25,6.861290323,5.764835165,10.08296703,36.7013286,947.5999952,17.74836066,9.300546448,13.52445355,11.31935484,13.91875,71.60000084,24.81203656,24.82529936,0.029878087
S_91,2.299999967,76.69999999,133.4999996,19.2875,15.69677419,14.31758242,8.4125,6.44516129,5.661538462,9.98956044,37.4336339,942.799995,17.80136612,9.292076503,13.54672131,11.07096774,13.85,76.69999999,22.89235648,24.97530912,0.029878087
S_92,27.29999959,94.00000079,213.8000004,23.9875,19.4,17.14835165,11.9625,9.75483871,7.796703297,12.47252747,26.27751102,952.699996,17.88743169,9.322677596,13.60505464,14.57741935,17.975,94.00000079,21.78762061,24.77700718,0.029878087
S_93,8.999999762,138.8999994,268.5999989,21.6125,21.78709677,20.84065934,11.8875,12.00322581,11.23296703,16.03681319,24.23381729,1007.4,18.09262295,9.896721311,13.99467213,16.89516129,16.75,138.8999994,16.13516055,23.81841585,0.029878087
S_94,0,16.70000015,117.4000002,17.95,14.01935484,13.4967033,6.55,5,5.810989011,9.653846154,41.85231288,1128.599994,17.86857923,9.553825137,13.71120219,9.509677419,12.25,16.70000015,97.3497847,21.00939421,0.029878087
S_95,12.59999993,35.30000035,135.0000004,11.075,13.36451613,14.41208791,4.8125,5.490322581,7.238461538,10.82527473,38.56532347,1179.599995,18.0352459,9.707650273,13.87144809,9.427419355,7.94375,35.30000035,45.86081697,20.2369008,0.029878087
S_96,40.29999954,51.09999976,212.599997,12.8125,15.1483871,17.42417582,8.025,8.716129032,9.614285714,13.51923077,27.65666874,1199.199996,17.99726776,9.770765027,13.88401639,11.93225806,10.41875,51.09999976,35.76546132,19.91662482,0.029878087
S_97,2.299999967,76.69999999,133.4999996,19.2875,15.69677419,14.31758242,8.4125,6.44516129,5.661538462,9.98956044,37.4336339,942.799995,17.80136612,9.292076503,13.54672131,11.07096774,13.85,76.69999999,22.89235648,24.97530912,0.029878087
S_98,14.49999987,35.60000033,134.6000003,10.9875,13.33548387,14.56263736,4.9,5.503225806,7.30989011,10.93626374,38.88607668,1192.899995,18.03688525,9.71284153,13.87486339,9.419354839,7.94375,35.60000033,45.45547258,20.01413654,0.029878087
S_99,12.59999993,19.39999987,135.1000004,12.2,13.68709677,14.32417582,4.925,5.522580645,7.148351648,10.73626374,38.37206455,1179.599995,18.04234973,9.723497268,13.8829235,9.60483871,8.5625,19.39999987,84.20985673,20.24662902,0.029878087
